<?xml version="1.0" encoding="utf-8" ?>

<propertyFile xmlns="http://www.csiberkeley.com"
 xmlns:xsi="http://www.w3.org/2001/XMLSchema-instance"
 xsi:schemaLocation="http://www.csiberkeley.com CSiMaterialLibrary.xsd">

  <!-- This file should be validated against the schema file. 
       If there are any validation errors in this file, the entire file is ignored.
  -->

  <control lengthUnits="in" forceUnits="Kip">
    <fileID>CSI Material Library for the United States</fileID>
    <fileVersion>1.0</fileVersion>
    <fileDescription>Built-in Material Property templates for the U.S.A.</fileDescription>
  </control>

  <region name="United States" lengthUnits="in" forceUnits="Kip" isDefault="true">

    <collection type="Materials">
      
<!-- STEEL MATERIALS -->      

      <standard name="ASTM A36">
        <material type="Steel" grade="Grade 36" name="A36">
          <weightDensity>0.000283564814814815</weightDensity>
          <massDensity>0.000000734455290352564</massDensity>
          <modulusOfElasticity>29000</modulusOfElasticity>
          <poissonsRatio>0.3</poissonsRatio>
          <coefficientOfThermalExpansion>0.0000065</coefficientOfThermalExpansion>
          <minimumYieldStress>36</minimumYieldStress>
          <minimumTensileStress>58</minimumTensileStress>
          <effectiveYieldStress>54</effectiveYieldStress>
          <effectiveTensileStress>63.8</effectiveTensileStress>
          <strainAtHardening>0.02</strainAtHardening>
          <strainAtMaxStress>0.14</strainAtMaxStress>
          <strainAtRupture>0.2</strainAtRupture>
        </material>
      </standard>

      <standard name="ASTM A53">
        <material type="Steel" grade="Grade B" name="A53GrB">
          <weightDensity>0.000283564814814815</weightDensity>
          <massDensity>0.000000734455290352564</massDensity>
          <modulusOfElasticity>29000</modulusOfElasticity>
          <poissonsRatio>0.3</poissonsRatio>
          <coefficientOfThermalExpansion>0.0000065</coefficientOfThermalExpansion>
          <minimumYieldStress>35</minimumYieldStress>
          <minimumTensileStress>60</minimumTensileStress>
          <effectiveYieldStress>38.5</effectiveYieldStress>
          <effectiveTensileStress>66</effectiveTensileStress>
          <strainAtHardening>0.02</strainAtHardening>
          <strainAtMaxStress>0.14</strainAtMaxStress>
          <strainAtRupture>0.2</strainAtRupture>
        </material>
      </standard>

      <standard name="ASTM A500">
        <material type="Steel" grade="Grade B, Fy 42 (HSS Round)" name="A500GrB42">
          <weightDensity>0.000283564814814815</weightDensity>
          <massDensity>0.000000734455290352564</massDensity>
          <modulusOfElasticity>29000</modulusOfElasticity>
          <poissonsRatio>0.3</poissonsRatio>
          <coefficientOfThermalExpansion>0.0000065</coefficientOfThermalExpansion>
          <minimumYieldStress>42</minimumYieldStress>
          <minimumTensileStress>58</minimumTensileStress>
          <effectiveYieldStress>46.2</effectiveYieldStress>
          <effectiveTensileStress>63.8</effectiveTensileStress>
          <strainAtHardening>0.02</strainAtHardening>
          <strainAtMaxStress>0.14</strainAtMaxStress>
          <strainAtRupture>0.2</strainAtRupture>
        </material>

        <material type="Steel" grade="Grade B, Fy 46 (HSS Rect.)" name="A500GrB46" isDefault="true">
          <weightDensity>0.000283564814814815</weightDensity>
          <massDensity>0.000000734455290352564</massDensity>
          <modulusOfElasticity>29000</modulusOfElasticity>
          <poissonsRatio>0.3</poissonsRatio>
          <coefficientOfThermalExpansion>0.0000065</coefficientOfThermalExpansion>
          <minimumYieldStress>46</minimumYieldStress>
          <minimumTensileStress>58</minimumTensileStress>
          <effectiveYieldStress>50.6</effectiveYieldStress>
          <effectiveTensileStress>63.8</effectiveTensileStress>
          <strainAtHardening>0.018</strainAtHardening>
          <strainAtMaxStress>0.12</strainAtMaxStress>
          <strainAtRupture>0.18</strainAtRupture>
        </material>

        <material type="Steel" grade="Grade C" name="A500GrC">
          <weightDensity>0.000283564814814815</weightDensity>
          <massDensity>0.000000734455290352564</massDensity>
          <modulusOfElasticity>29000</modulusOfElasticity>
          <poissonsRatio>0.3</poissonsRatio>
          <coefficientOfThermalExpansion>0.0000065</coefficientOfThermalExpansion>
          <minimumYieldStress>50</minimumYieldStress>
          <minimumTensileStress>62</minimumTensileStress>
          <effectiveYieldStress>55</effectiveYieldStress>
          <effectiveTensileStress>68.2</effectiveTensileStress>
          <strainAtHardening>0.018</strainAtHardening>
          <strainAtMaxStress>0.12</strainAtMaxStress>
          <strainAtRupture>0.18</strainAtRupture>
        </material>
      </standard>

      <standard name="ASTM A572">
        <material type="Steel" grade="Grade 50" name="A572Gr50">
          <weightDensity>0.000283564814814815</weightDensity>
          <massDensity>0.000000734455290352564</massDensity>
          <modulusOfElasticity>29000</modulusOfElasticity>
          <poissonsRatio>0.3</poissonsRatio>
          <coefficientOfThermalExpansion>0.0000065</coefficientOfThermalExpansion>
          <minimumYieldStress>50</minimumYieldStress>
          <minimumTensileStress>65</minimumTensileStress>
          <effectiveYieldStress>55</effectiveYieldStress>
          <effectiveTensileStress>71.5</effectiveTensileStress>
          <strainAtHardening>0.015</strainAtHardening>
          <strainAtMaxStress>0.11</strainAtMaxStress>
          <strainAtRupture>0.17</strainAtRupture>
        </material>
      </standard>

      <standard name="ASTM A913">
        <material type="Steel" grade="Grade 50" name="A913Gr50">
          <weightDensity>0.000283564814814815</weightDensity>
          <massDensity>0.000000734455290352564</massDensity>
          <modulusOfElasticity>29000</modulusOfElasticity>
          <poissonsRatio>0.3</poissonsRatio>
          <coefficientOfThermalExpansion>0.0000065</coefficientOfThermalExpansion>
          <minimumYieldStress>50</minimumYieldStress>
          <minimumTensileStress>60</minimumTensileStress>
          <effectiveYieldStress>55</effectiveYieldStress>
          <effectiveTensileStress>66</effectiveTensileStress>
          <strainAtHardening>0.015</strainAtHardening>
          <strainAtMaxStress>0.11</strainAtMaxStress>
          <strainAtRupture>0.17</strainAtRupture>
        </material>
      </standard>

      <standard name="ASTM A992" isDefaultSteel="true">
        <material type="Steel" grade="Grade 50" name="A992Fy50">
          <weightDensity>0.000283564814814815</weightDensity>
          <massDensity>0.000000734455290352564</massDensity>
          <modulusOfElasticity>29000</modulusOfElasticity>
          <poissonsRatio>0.3</poissonsRatio>
          <coefficientOfThermalExpansion>0.0000065</coefficientOfThermalExpansion>
          <minimumYieldStress>50</minimumYieldStress>
          <minimumTensileStress>65</minimumTensileStress>
          <effectiveYieldStress>55</effectiveYieldStress>
          <effectiveTensileStress>71.5</effectiveTensileStress>
          <strainAtHardening>0.015</strainAtHardening>
          <strainAtMaxStress>0.11</strainAtMaxStress>
          <strainAtRupture>0.17</strainAtRupture>
        </material>
      </standard>

      <standard name="ASTM A709">
        <material type="Steel" grade="Grade 36" name="A709Gr30">
          <weightDensity>0.000283564814814815</weightDensity>
          <massDensity>0.000000734455290352564</massDensity>
          <modulusOfElasticity>29000</modulusOfElasticity>
          <poissonsRatio>0.3</poissonsRatio>
          <coefficientOfThermalExpansion>0.0000065</coefficientOfThermalExpansion>
          <minimumYieldStress>36</minimumYieldStress>
          <minimumTensileStress>58</minimumTensileStress>
          <effectiveYieldStress>54</effectiveYieldStress>
          <effectiveTensileStress>63.8</effectiveTensileStress>
          <strainAtHardening>0.02</strainAtHardening>
          <strainAtMaxStress>0.14</strainAtMaxStress>
          <strainAtRupture>0.2</strainAtRupture>
        </material>

        <material type="Steel" grade="Grade 50" name="A709Gr50" isDefault="true">
          <weightDensity>0.000283564814814815</weightDensity>
          <massDensity>0.000000734455290352564</massDensity>
          <modulusOfElasticity>29000</modulusOfElasticity>
          <poissonsRatio>0.3</poissonsRatio>
          <coefficientOfThermalExpansion>0.0000065</coefficientOfThermalExpansion>
          <minimumYieldStress>50</minimumYieldStress>
          <minimumTensileStress>65</minimumTensileStress>
          <effectiveYieldStress>55</effectiveYieldStress>
          <effectiveTensileStress>71.5</effectiveTensileStress>
          <strainAtHardening>0.015</strainAtHardening>
          <strainAtMaxStress>0.11</strainAtMaxStress>
          <strainAtRupture>0.17</strainAtRupture>
        </material>

        <material type="Steel" grade="Grade 50S" name="A709Gr50S">
          <weightDensity>0.000283564814814815</weightDensity>
          <massDensity>0.000000734455290352564</massDensity>
          <modulusOfElasticity>29000</modulusOfElasticity>
          <poissonsRatio>0.3</poissonsRatio>
          <coefficientOfThermalExpansion>0.0000065</coefficientOfThermalExpansion>
          <minimumYieldStress>50</minimumYieldStress>
          <minimumTensileStress>65</minimumTensileStress>
          <effectiveYieldStress>55</effectiveYieldStress>
          <effectiveTensileStress>71.5</effectiveTensileStress>
          <strainAtHardening>0.015</strainAtHardening>
          <strainAtMaxStress>0.11</strainAtMaxStress>
          <strainAtRupture>0.17</strainAtRupture>
        </material>

        <material type="Steel" grade="Grade 50W" name="A709Gr50W">
          <weightDensity>0.000283564814814815</weightDensity>
          <massDensity>0.000000734455290352564</massDensity>
          <modulusOfElasticity>29000</modulusOfElasticity>
          <poissonsRatio>0.3</poissonsRatio>
          <coefficientOfThermalExpansion>0.0000065</coefficientOfThermalExpansion>
          <minimumYieldStress>50</minimumYieldStress>
          <minimumTensileStress>70</minimumTensileStress>
          <effectiveYieldStress>55</effectiveYieldStress>
          <effectiveTensileStress>77</effectiveTensileStress>
          <strainAtHardening>0.015</strainAtHardening>
          <strainAtMaxStress>0.11</strainAtMaxStress>
          <strainAtRupture>0.17</strainAtRupture>
        </material>

        <material type="Steel" grade="Grade HPS 50W" name="A709GrHPS50W">
          <weightDensity>0.000283564814814815</weightDensity>
          <massDensity>0.000000734455290352564</massDensity>
          <modulusOfElasticity>29000</modulusOfElasticity>
          <poissonsRatio>0.3</poissonsRatio>
          <coefficientOfThermalExpansion>0.0000065</coefficientOfThermalExpansion>
          <minimumYieldStress>50</minimumYieldStress>
          <minimumTensileStress>70</minimumTensileStress>
          <effectiveYieldStress>55</effectiveYieldStress>
          <effectiveTensileStress>77</effectiveTensileStress>
          <strainAtHardening>0.015</strainAtHardening>
          <strainAtMaxStress>0.11</strainAtMaxStress>
          <strainAtRupture>0.17</strainAtRupture>
        </material>

        <material type="Steel" grade="Grade HPS 70W" name="A709GrHPS70W">
          <weightDensity>0.000283564814814815</weightDensity>
          <massDensity>0.000000734455290352564</massDensity>
          <modulusOfElasticity>29000</modulusOfElasticity>
          <poissonsRatio>0.3</poissonsRatio>
          <coefficientOfThermalExpansion>0.0000065</coefficientOfThermalExpansion>
          <minimumYieldStress>70</minimumYieldStress>
          <minimumTensileStress>85</minimumTensileStress>
          <effectiveYieldStress>77</effectiveYieldStress>
          <effectiveTensileStress>93.5</effectiveTensileStress>
          <strainAtHardening>0.015</strainAtHardening>
          <strainAtMaxStress>0.11</strainAtMaxStress>
          <strainAtRupture>0.17</strainAtRupture>
        </material>

        <material type="Steel" grade="Grade HPS 100W" name="A709GrHPS100W">
          <weightDensity>0.000283564814814815</weightDensity>
          <massDensity>0.000000734455290352564</massDensity>
          <modulusOfElasticity>29000</modulusOfElasticity>
          <poissonsRatio>0.3</poissonsRatio>
          <coefficientOfThermalExpansion>0.0000065</coefficientOfThermalExpansion>
          <minimumYieldStress>90</minimumYieldStress>
          <minimumTensileStress>100</minimumTensileStress>
          <effectiveYieldStress>99</effectiveYieldStress>
          <effectiveTensileStress>110</effectiveTensileStress>
          <strainAtHardening>0.015</strainAtHardening>
          <strainAtMaxStress>0.11</strainAtMaxStress>
          <strainAtRupture>0.17</strainAtRupture>
        </material>
      </standard>

<!-- CONCRETE MATERIALS -->
      
      <standard name="Customary">

        <material type="concrete" grade="f'c 3000 psi" name="3000Psi">
          <weightDensity>0.00008680555556</weightDensity>
          <massDensity>0.0000002248332521</massDensity>
          <modulusOfElasticity>3122.0186</modulusOfElasticity>
          <poissonsRatio>0.2</poissonsRatio>
          <coefficientOfThermalExpansion>0.0000055</coefficientOfThermalExpansion>
          <compressiveStrength>3</compressiveStrength>
	  <expectedCompressiveStrength>3</expectedCompressiveStrength>
          <strainAtfc>0.00192183</strainAtfc>
          <strainAtUltimate>0.005</strainAtUltimate>
          <isLightWeight>false</isLightWeight>
          <shearStrengthReductionFactor>1</shearStrengthReductionFactor>
        </material>
        
        <material type="concrete" grade="f'c 4000 psi" name="4000Psi" isDefault="true">
          <weightDensity>0.00008680555556</weightDensity>
          <massDensity>0.0000002248332521</massDensity>
          <modulusOfElasticity>3604.9965</modulusOfElasticity>
          <poissonsRatio>0.2</poissonsRatio>
          <coefficientOfThermalExpansion>0.0000055</coefficientOfThermalExpansion>
          <compressiveStrength>4</compressiveStrength>
	  <expectedCompressiveStrength>4</expectedCompressiveStrength>
          <strainAtfc>0.00221914</strainAtfc>
          <strainAtUltimate>0.005</strainAtUltimate>
          <isLightWeight>false</isLightWeight>
          <shearStrengthReductionFactor>1</shearStrengthReductionFactor>
        </material>
        
        <material type="concrete" grade="f'c 5000 psi" name="5000Psi">
          <weightDensity>0.00008680555556</weightDensity>
          <massDensity>0.0000002248332521</massDensity>
          <modulusOfElasticity>4030.5087</modulusOfElasticity>
          <poissonsRatio>0.2</poissonsRatio>
          <coefficientOfThermalExpansion>0.0000055</coefficientOfThermalExpansion>
          <compressiveStrength>5</compressiveStrength>
	  <expectedCompressiveStrength>5</expectedCompressiveStrength>
          <strainAtfc>0.00248108</strainAtfc>
          <strainAtUltimate>0.005</strainAtUltimate>
          <isLightWeight>false</isLightWeight>
          <shearStrengthReductionFactor>1</shearStrengthReductionFactor>
        </material>
        
        <material type="concrete" grade="f'c 6000 psi" name="6000Psi">
          <weightDensity>0.00008680555556</weightDensity>
          <massDensity>0.0000002248332521</massDensity>
          <modulusOfElasticity>4415.2010</modulusOfElasticity>
          <poissonsRatio>0.2</poissonsRatio>
          <coefficientOfThermalExpansion>0.0000055</coefficientOfThermalExpansion>
          <compressiveStrength>6</compressiveStrength>
	  <expectedCompressiveStrength>6</expectedCompressiveStrength>
          <strainAtfc>0.00271788</strainAtfc>
          <strainAtUltimate>0.005</strainAtUltimate>
          <isLightWeight>false</isLightWeight>
          <shearStrengthReductionFactor>1</shearStrengthReductionFactor>
        </material>
        
        <material type="concrete" grade="f'c 3000 psi Lightweight" name="3000PsiLW">
          <weightDensity>0.00006365740741</weightDensity>
          <massDensity>0.0000001648777182</massDensity>
          <modulusOfElasticity>2085.2762</modulusOfElasticity>
          <poissonsRatio>0.2</poissonsRatio>
          <coefficientOfThermalExpansion>0.0000055</coefficientOfThermalExpansion>
          <compressiveStrength>3</compressiveStrength>
	  <expectedCompressiveStrength>3</expectedCompressiveStrength>
          <strainAtfc>0.00287732</strainAtfc>
          <strainAtUltimate>0.005</strainAtUltimate>
          <isLightWeight>true</isLightWeight>
          <shearStrengthReductionFactor>0.85</shearStrengthReductionFactor>
        </material>
        
        <material type="concrete" grade="f'c 4000 psi Lightweight" name="4000PsiLW">
          <weightDensity>0.00006365740741</weightDensity>
          <massDensity>0.0000001648777182</massDensity>
          <modulusOfElasticity>2407.8696</modulusOfElasticity>
          <poissonsRatio>0.2</poissonsRatio>
          <coefficientOfThermalExpansion>0.0000055</coefficientOfThermalExpansion>
          <compressiveStrength>4</compressiveStrength>
	  <expectedCompressiveStrength>4</expectedCompressiveStrength>
          <strainAtfc>0.00332244</strainAtfc>
          <strainAtUltimate>0.005</strainAtUltimate>
          <isLightWeight>true</isLightWeight>
          <shearStrengthReductionFactor>0.85</shearStrengthReductionFactor>
        </material>
        
        <material type="concrete" grade="f'c 5000 psi Lightweight" name="5000PsiLW">
          <weightDensity>0.00006365740741</weightDensity>
          <massDensity>0.0000001648777182</massDensity>
          <modulusOfElasticity>2692.0801</modulusOfElasticity>
          <poissonsRatio>0.2</poissonsRatio>
          <coefficientOfThermalExpansion>0.0000055</coefficientOfThermalExpansion>
          <compressiveStrength>5</compressiveStrength>
	  <expectedCompressiveStrength>5</expectedCompressiveStrength>
          <strainAtfc>0.00371460</strainAtfc>
          <strainAtUltimate>0.005</strainAtUltimate>
          <isLightWeight>true</isLightWeight>
          <shearStrengthReductionFactor>0.85</shearStrengthReductionFactor>
        </material>
        
        <material type="concrete" grade="f'c 6000 psi Lightweight" name="6000PsiLW">
          <weightDensity>0.00006365740741</weightDensity>
          <massDensity>0.0000001648777182</massDensity>
          <modulusOfElasticity>2949.0259</modulusOfElasticity>
          <poissonsRatio>0.2</poissonsRatio>
          <coefficientOfThermalExpansion>0.0000055</coefficientOfThermalExpansion>
          <compressiveStrength>6</compressiveStrength>
	  <expectedCompressiveStrength>6</expectedCompressiveStrength>
          <strainAtfc>0.00406914</strainAtfc>
          <strainAtUltimate>0.005</strainAtUltimate>
          <isLightWeight>true</isLightWeight>
          <shearStrengthReductionFactor>0.85</shearStrengthReductionFactor>
        </material>

      </standard>

<!--  ALUMINUM MATERIALS  -->

      <standard name="ASTM">

        <material type="aluminum" grade="Alloy 6061 T6" name="6061T6" isDefault="true">
          <weightDensity>0.000098</weightDensity>
          <massDensity>0.000000254</massDensity>
          <modulusOfElasticity>10100</modulusOfElasticity>
          <poissonsRatio>0.33</poissonsRatio>
          <coefficientOfThermalExpansion>0.0000131</coefficientOfThermalExpansion>
          <compressiveYieldStrength>35</compressiveYieldStrength>
          <tensileYieldStrength>35</tensileYieldStrength>
          <tensileUltimateStrength>38</tensileUltimateStrength>
          <shearUltimateStrength>24</shearUltimateStrength>
          <aluminumType>1</aluminumType>
          <aluminumAlloy>6061</aluminumAlloy>
          <temperDesignationAlpha>T</temperDesignationAlpha>
          <temperDesignationNumeric>6</temperDesignationNumeric>
        </material>

        <material type="aluminum" grade="Alloy 6063 T6" name="6063T6">
          <weightDensity>0.000098</weightDensity>
          <massDensity>0.000000254</massDensity>
          <modulusOfElasticity>10100</modulusOfElasticity>
          <poissonsRatio>0.33</poissonsRatio>
          <coefficientOfThermalExpansion>0.0000131</coefficientOfThermalExpansion>
          <compressiveYieldStrength>25</compressiveYieldStrength>
          <tensileYieldStrength>25</tensileYieldStrength>
          <tensileUltimateStrength>30</tensileUltimateStrength>
          <shearUltimateStrength>19</shearUltimateStrength>
          <aluminumType>1</aluminumType>
          <aluminumAlloy>6063</aluminumAlloy>
          <temperDesignationAlpha>T</temperDesignationAlpha>
          <temperDesignationNumeric>6</temperDesignationNumeric>
        </material>

        <material type="aluminum" grade="Alloy 5052 H34" name="5052H34">
          <weightDensity>0.000098</weightDensity>
          <massDensity>0.000000254</massDensity>
          <modulusOfElasticity>10200</modulusOfElasticity>
          <poissonsRatio>0.33</poissonsRatio>
          <coefficientOfThermalExpansion>0.0000131</coefficientOfThermalExpansion>
          <compressiveYieldStrength>24</compressiveYieldStrength>
          <tensileYieldStrength>26</tensileYieldStrength>
          <tensileUltimateStrength>34</tensileUltimateStrength>
          <shearUltimateStrength>20</shearUltimateStrength>
          <aluminumType>1</aluminumType>
          <aluminumAlloy>5052</aluminumAlloy>
          <temperDesignationAlpha>H</temperDesignationAlpha>
          <temperDesignationNumeric>34</temperDesignationNumeric>
        </material>
      </standard>

<!--  COLD-FORMED STEEL MATERIALS  -->

      <standard name="ASTM A653">

        <material type="coldformed" grade="SQ Grade 33" name="A653SQGr33">
          <weightDensity>0.000283564814814815</weightDensity>
          <massDensity>0.000000734455290352564</massDensity>
          <modulusOfElasticity>29500</modulusOfElasticity>
          <poissonsRatio>0.3</poissonsRatio>
          <coefficientOfThermalExpansion>0.0000065</coefficientOfThermalExpansion>
          <minimumYieldStress>33</minimumYieldStress>
          <minimumTensileStress>45</minimumTensileStress>
        </material>

        <material type="coldformed" grade="SQ Grade 50" name="A653SQGr50" isDefault="true">
          <weightDensity>0.000283564814814815</weightDensity>
          <massDensity>0.000000734455290352564</massDensity>
          <modulusOfElasticity>29500</modulusOfElasticity>
          <poissonsRatio>0.3</poissonsRatio>
          <coefficientOfThermalExpansion>0.0000065</coefficientOfThermalExpansion>
          <minimumYieldStress>50</minimumYieldStress>
          <minimumTensileStress>65</minimumTensileStress>
        </material>
      </standard>

<!--  REBAR MATERIALS  -->

      <standard name="ASTM A615">

        <material type="rebar" grade="Grade 40" name="A615Gr40">
          <weightDensity>0.000283564814814815</weightDensity>
          <massDensity>0.000000734455290352564</massDensity>
          <modulusOfElasticity>29000</modulusOfElasticity>
          <poissonsRatio>0.3</poissonsRatio>
          <coefficientOfThermalExpansion>0.0000065</coefficientOfThermalExpansion>
          <minimumYieldStress>40</minimumYieldStress>
          <minimumTensileStress>60</minimumTensileStress>
          <expectedYieldStress>44</expectedYieldStress>
          <expectedTensileStress>66</expectedTensileStress>
          <strainAtHardening>0.02</strainAtHardening>
          <strainAtUltimate>0.12</strainAtUltimate>
        </material>

        <material type="rebar" grade="Grade 60" name="A615Gr60" isDefault="true">
          <weightDensity>0.000283564814814815</weightDensity>
          <massDensity>0.000000734455290352564</massDensity>
          <modulusOfElasticity>29000</modulusOfElasticity>
          <poissonsRatio>0.3</poissonsRatio>
          <coefficientOfThermalExpansion>0.0000065</coefficientOfThermalExpansion>
          <minimumYieldStress>60</minimumYieldStress>
          <minimumTensileStress>90</minimumTensileStress>
          <expectedYieldStress>66</expectedYieldStress>
          <expectedTensileStress>99</expectedTensileStress>
          <strainAtHardening>0.01</strainAtHardening>
          <strainAtUltimate>0.09</strainAtUltimate>
        </material>

        <material type="rebar" grade="Grade 75" name="A615Gr75">
          <weightDensity>0.000283564814814815</weightDensity>
          <massDensity>0.000000734455290352564</massDensity>
          <modulusOfElasticity>29000</modulusOfElasticity>
          <poissonsRatio>0.3</poissonsRatio>
          <coefficientOfThermalExpansion>0.0000065</coefficientOfThermalExpansion>
          <minimumYieldStress>75</minimumYieldStress>
          <minimumTensileStress>100</minimumTensileStress>
          <expectedYieldStress>82.5</expectedYieldStress>
          <expectedTensileStress>110</expectedTensileStress>
          <strainAtHardening>0.005</strainAtHardening>
          <strainAtUltimate>0.06</strainAtUltimate>
        </material>
      </standard>

      <standard name="ASTM A706">
        <material type="rebar" grade="Grade 60" name="A706Gr60">
          <weightDensity>0.000283564814814815</weightDensity>
          <massDensity>0.000000734455290352564</massDensity>
          <modulusOfElasticity>29000</modulusOfElasticity>
          <poissonsRatio>0.3</poissonsRatio>
          <coefficientOfThermalExpansion>0.0000065</coefficientOfThermalExpansion>
          <minimumYieldStress>60</minimumYieldStress>
          <minimumTensileStress>80</minimumTensileStress>
          <expectedYieldStress>66</expectedYieldStress>
          <expectedTensileStress>88</expectedTensileStress>
          <strainAtHardening>0.011</strainAtHardening>
          <strainAtUltimate>0.11</strainAtUltimate>
        </material>
      </standard>

<!--  TENDON MATERIALS  -->

      <standard name="ASTM A416">

        <material type="tendon" grade="Grade 250" name="A416Gr250">
          <weightDensity>0.000283564814814815</weightDensity>
          <massDensity>0.000000734455290352564</massDensity>
          <modulusOfElasticity>28500</modulusOfElasticity>
          <poissonsRatio>0</poissonsRatio>
          <coefficientOfThermalExpansion>0.0000065</coefficientOfThermalExpansion>
          <minimumYieldStress>216.6</minimumYieldStress>
          <!-- assumed yield strain 0.0076 -->
          <minimumTensileStress>250</minimumTensileStress>
          <tendonStressStrainCurveType>1</tendonStressStrainCurveType>
        </material>

        <material type="tendon" grade="Grade 270" name="A416Gr270" isDefault="true">
          <weightDensity>0.000283564814814815</weightDensity>
          <massDensity>0.000000734455290352564</massDensity>
          <modulusOfElasticity>28500</modulusOfElasticity>
          <poissonsRatio>0</poissonsRatio>
          <coefficientOfThermalExpansion>0.0000065</coefficientOfThermalExpansion>
          <minimumYieldStress>245.1</minimumYieldStress>
          <!-- assumed yield strain 0.0086 -->
          <minimumTensileStress>270</minimumTensileStress>
          <tendonStressStrainCurveType>2</tendonStressStrainCurveType>
        </material>      
      </standard>

      <standard name="ASTM A722">

        <material type="tendon" grade="Grade 150 - Plain (Type I)" name="A722Gr150TypI">
          <weightDensity>0.000283564814814815</weightDensity>
          <massDensity>0.000000734455290352564</massDensity>
          <modulusOfElasticity>30000</modulusOfElasticity>
          <poissonsRatio>0</poissonsRatio>
          <coefficientOfThermalExpansion>0.0000065</coefficientOfThermalExpansion>
          <minimumYieldStress>127.5</minimumYieldStress>
          <!-- assumed yield strain 0.0076 -->
          <minimumTensileStress>150</minimumTensileStress>
          <tendonStressStrainCurveType>1</tendonStressStrainCurveType>
        </material>

        <material type="tendon" grade="Grade 150 - Deformed (Type II)" name="A722Gr150TypII" isDefault="true">
          <weightDensity>0.000283564814814815</weightDensity>
          <massDensity>0.000000734455290352564</massDensity>
          <modulusOfElasticity>30000</modulusOfElasticity>
          <poissonsRatio>0</poissonsRatio>
          <coefficientOfThermalExpansion>0.0000065</coefficientOfThermalExpansion>
          <minimumYieldStress>120</minimumYieldStress>
          <!-- assumed yield strain 0.0086 -->
          <minimumTensileStress>150</minimumTensileStress>
          <tendonStressStrainCurveType>2</tendonStressStrainCurveType>
        </material>
      </standard>
    </collection>
  </region>

</propertyFile>
