<?xml version="1.0" encoding="utf-8" ?>

<PROPERTY_FILE xmlns="http://www.csiamerica.com"
 xmlns:xsi="http://www.w3.org/2001/XMLSchema-instance"
 xsi:schemaLocation="http://www.csiamerica.com CSIExtendedSectionPropertyFile.xsd">

  <CONTROL>
      <FILE_ID>CSI Frame Properties</FILE_ID>
      <VERSION>1</VERSION>
      <DESCRIPTION>ArcelorMittal_BritishHISTAR</DESCRIPTION>
      <LENGTH_UNITS>mm</LENGTH_UNITS>
  </CONTROL>

  <CONCRETE_CIRCLE>
      <LABEL>CIRC1</LABEL>
      <EDI_STD>CIRC1</EDI_STD>
      <DESIGNATION>CR</DESIGNATION>
      <OD>12</OD>
      <A>113.0973</A>
      <I33>1017.876</I33>
      <Z33>288</Z33>
      <AS2>101.788</AS2>
      <J>2035.752</J>
      <S33POS>169.646</S33POS>
      <S33NEG>169.646</S33NEG>
      <R33>3</R33>
  </CONCRETE_CIRCLE>

  <CONCRETE_RECTANGLE>
      <LABEL>RECT1</LABEL>
      <EDI_STD>RECT1</EDI_STD>
      <DESIGNATION>R</DESIGNATION>
      <D>18</D>
      <B>10</B>
      <A>180</A>
      <I33>4860</I33>
      <Z33>810</Z33>
      <AS3>150</AS3>
      <I22>1500</I22>
      <Z22>450</Z22>
      <AS2>150</AS2>
      <J>3916.671</J>
      <S33POS>540</S33POS>
      <S33NEG>540</S33NEG>
      <S22POS>300</S22POS>
      <S22NEG>300</S22NEG>
      <R33>5.196152</R33>
      <R22>2.886751</R22>
  </CONCRETE_RECTANGLE>

  <STEEL_I_SECTION>
      <LABEL>UB610X229X125</LABEL>
      <EDI_STD>UB610X229X125</EDI_STD>
      <DESIGNATION>W</DESIGNATION>
      <D>612.2</D>
      <BF>229</BF>
      <TF>19.6</TF>
      <TW>11.9</TW>
      <A>15930</A>
      <I33>9.861E+08</I33>
      <Z33>3676000</Z33>
      <AS3>7480.667</AS3>
      <I22>3.932E+07</I22>
      <Z22>535000</Z22>
      <AS2>7285.18</AS2>
      <J>1550000</J>
      <S33POS>3221496</S33POS>
      <S33NEG>3221496</S33NEG>
      <S22POS>343406.1</S22POS>
      <S22NEG>343406.1</S22NEG>
      <R33>248.8013</R33>
      <R22>49.68198</R22>
  </STEEL_I_SECTION>

  <STEEL_I_SECTION>
      <LABEL>UB610X229X140</LABEL>
      <EDI_STD>UB610X229X140</EDI_STD>
      <DESIGNATION>W</DESIGNATION>
      <D>617.2</D>
      <BF>230.2</BF>
      <TF>22.1</TF>
      <TW>13.1</TW>
      <A>17820</A>
      <I33>1.118E+09</I33>
      <Z33>4142000</Z33>
      <AS3>8479.033</AS3>
      <I22>4.505E+07</I22>
      <Z22>611000</Z22>
      <AS2>8085.32</AS2>
      <J>2180000</J>
      <S33POS>3622813</S33POS>
      <S33NEG>3622813</S33NEG>
      <S22POS>391398.8</S22POS>
      <S22NEG>391398.8</S22NEG>
      <R33>250.4765</R33>
      <R22>50.2798</R22>
  </STEEL_I_SECTION>

  <STEEL_I_SECTION>
      <LABEL>UB610X305X149</LABEL>
      <EDI_STD>UB610X305X149</EDI_STD>
      <DESIGNATION>W</DESIGNATION>
      <D>612.4</D>
      <BF>304.8</BF>
      <TF>19.7</TF>
      <TW>11.8</TW>
      <A>19000</A>
      <I33>1.259E+09</I33>
      <Z33>4594000</Z33>
      <AS3>10007.6</AS3>
      <I22>9.308E+07</I22>
      <Z22>937000</Z22>
      <AS2>7226.32</AS2>
      <J>2000000</J>
      <S33POS>4111692</S33POS>
      <S33NEG>4111692</S33NEG>
      <S22POS>610761.2</S22POS>
      <S22NEG>610761.2</S22NEG>
      <R33>257.4163</R33>
      <R22>69.99248</R22>
  </STEEL_I_SECTION>

  <STEEL_I_SECTION>
      <LABEL>UB610X305X179</LABEL>
      <EDI_STD>UB610X305X179</EDI_STD>
      <DESIGNATION>W</DESIGNATION>
      <D>620.2</D>
      <BF>307.1</BF>
      <TF>23.6</TF>
      <TW>14.1</TW>
      <A>22810</A>
      <I33>1.53E+09</I33>
      <Z33>5547000</Z33>
      <AS3>12079.27</AS3>
      <I22>1.141E+08</I22>
      <Z22>1144000</Z22>
      <AS2>8744.82</AS2>
      <J>3420000</J>
      <S33POS>4933892</S33POS>
      <S33NEG>4933892</S33NEG>
      <S22POS>743080.4</S22POS>
      <S22NEG>743080.4</S22NEG>
      <R33>258.9901</R33>
      <R22>70.72617</R22>
  </STEEL_I_SECTION>

  <STEEL_I_SECTION>
      <LABEL>UB610X305X238</LABEL>
      <EDI_STD>UB610X305X238</EDI_STD>
      <DESIGNATION>W</DESIGNATION>
      <D>635.8</D>
      <BF>311.4</BF>
      <TF>31.4</TF>
      <TW>18.4</TW>
      <A>30330</A>
      <I33>2.095E+09</I33>
      <Z33>7486000</Z33>
      <AS3>16296.6</AS3>
      <I22>1.584E+08</I22>
      <Z22>1574000</Z22>
      <AS2>11698.72</AS2>
      <J>7910000</J>
      <S33POS>6590123</S33POS>
      <S33NEG>6590123</S33NEG>
      <S22POS>1017341</S22POS>
      <S22NEG>1017341</S22NEG>
      <R33>262.8184</R33>
      <R22>72.26723</R22>
  </STEEL_I_SECTION>

  <STEEL_I_SECTION>
      <LABEL>UB686X254X152</LABEL>
      <EDI_STD>UB686X254X152</EDI_STD>
      <DESIGNATION>W</DESIGNATION>
      <D>687.5</D>
      <BF>254.5</BF>
      <TF>21</TF>
      <TW>13.2</TW>
      <A>19410</A>
      <I33>1.504E+09</I33>
      <Z33>5000000</Z33>
      <AS3>8907.5</AS3>
      <I22>5.784E+07</I22>
      <Z22>710000</Z22>
      <AS2>9075</AS2>
      <J>2210000</J>
      <S33POS>4375273</S33POS>
      <S33NEG>4375273</S33NEG>
      <S22POS>454538.3</S22POS>
      <S22NEG>454538.3</S22NEG>
      <R33>278.3628</R33>
      <R22>54.58853</R22>
  </STEEL_I_SECTION>

  <STEEL_I_SECTION>
      <LABEL>UB686X254X170</LABEL>
      <EDI_STD>UB686X254X170</EDI_STD>
      <DESIGNATION>W</DESIGNATION>
      <D>692.9</D>
      <BF>255.8</BF>
      <TF>23.7</TF>
      <TW>14.5</TW>
      <A>21680</A>
      <I33>1.703E+09</I33>
      <Z33>5631000</Z33>
      <AS3>10104.1</AS3>
      <I22>6.63E+07</I22>
      <Z22>811000</Z22>
      <AS2>10047.05</AS2>
      <J>3100000</J>
      <S33POS>4915572</S33POS>
      <S33NEG>4915572</S33NEG>
      <S22POS>518373.7</S22POS>
      <S22NEG>518373.7</S22NEG>
      <R33>280.2707</R33>
      <R22>55.30025</R22>
  </STEEL_I_SECTION>

  <STEEL_I_SECTION>
      <LABEL>UB762X267X173</LABEL>
      <EDI_STD>UB762X267X173</EDI_STD>
      <DESIGNATION>W</DESIGNATION>
      <D>762.2</D>
      <BF>266.7</BF>
      <TF>21.6</TF>
      <TW>14.3</TW>
      <A>22040</A>
      <I33>2.053E+09</I33>
      <Z33>6198000</Z33>
      <AS3>9601.2</AS3>
      <I22>6.85E+07</I22>
      <Z22>808000</Z22>
      <AS2>10899.46</AS2>
      <J>2700000</J>
      <S33POS>5387038</S33POS>
      <S33NEG>5387038</S33NEG>
      <S22POS>513685.8</S22POS>
      <S22NEG>513685.8</S22NEG>
      <R33>305.2029</R33>
      <R22>55.74931</R22>
  </STEEL_I_SECTION>

  <STEEL_I_SECTION>
      <LABEL>UB762X267X197</LABEL>
      <EDI_STD>UB762X267X197</EDI_STD>
      <DESIGNATION>W</DESIGNATION>
      <D>769.8</D>
      <BF>268</BF>
      <TF>25.4</TF>
      <TW>15.6</TW>
      <A>25060</A>
      <I33>2.4E+09</I33>
      <Z33>7167000</Z33>
      <AS3>11345.33</AS3>
      <I22>8.175E+07</I22>
      <Z22>959000</Z22>
      <AS2>12008.88</AS2>
      <J>4070000</J>
      <S33POS>6235386</S33POS>
      <S33NEG>6235386</S33NEG>
      <S22POS>610074.6</S22POS>
      <S22NEG>610074.6</S22NEG>
      <R33>309.4675</R33>
      <R22>57.11542</R22>
  </STEEL_I_SECTION>

  <STEEL_I_SECTION>
      <LABEL>UB838X292X194</LABEL>
      <EDI_STD>UB838X292X194</EDI_STD>
      <DESIGNATION>W</DESIGNATION>
      <D>840.7</D>
      <BF>292.4</BF>
      <TF>21.7</TF>
      <TW>14.7</TW>
      <A>24680</A>
      <I33>2.792E+09</I33>
      <Z33>7640000</Z33>
      <AS3>10575.13</AS3>
      <I22>9.066E+07</I22>
      <Z22>974000</Z22>
      <AS2>12358.29</AS2>
      <J>3100000</J>
      <S33POS>6642084</S33POS>
      <S33NEG>6642084</S33NEG>
      <S22POS>620109.4</S22POS>
      <S22NEG>620109.4</S22NEG>
      <R33>336.3451</R33>
      <R22>60.60874</R22>
  </STEEL_I_SECTION>

  <STEEL_I_SECTION>
      <LABEL>UB838X292X226</LABEL>
      <EDI_STD>UB838X292X226</EDI_STD>
      <DESIGNATION>W</DESIGNATION>
      <D>850.9</D>
      <BF>293.8</BF>
      <TF>26.8</TF>
      <TW>16.1</TW>
      <A>28860</A>
      <I33>3.397E+09</I33>
      <Z33>9155000</Z33>
      <AS3>13123.07</AS3>
      <I22>1.136E+08</I22>
      <Z22>1212000</Z22>
      <AS2>13699.49</AS2>
      <J>5170000</J>
      <S33POS>7984487</S33POS>
      <S33NEG>7984487</S33NEG>
      <S22POS>773315.2</S22POS>
      <S22NEG>773315.2</S22NEG>
      <R33>343.0833</R33>
      <R22>62.73949</R22>
  </STEEL_I_SECTION>

  <STEEL_I_SECTION>
      <LABEL>UB914X305X224</LABEL>
      <EDI_STD>UB914X305X224</EDI_STD>
      <DESIGNATION>W</DESIGNATION>
      <D>910.4</D>
      <BF>304.1</BF>
      <TF>23.9</TF>
      <TW>15.9</TW>
      <A>28560</A>
      <I33>3.764E+09</I33>
      <Z33>9535000</Z33>
      <AS3>12113.32</AS3>
      <I22>1.124E+08</I22>
      <Z22>1163000</Z22>
      <AS2>14475.36</AS2>
      <J>4270000</J>
      <S33POS>8268893</S33POS>
      <S33NEG>8268893</S33NEG>
      <S22POS>739230.5</S22POS>
      <S22NEG>739230.5</S22NEG>
      <R33>363.0327</R33>
      <R22>62.73415</R22>
  </STEEL_I_SECTION>

  <STEEL_I_SECTION>
      <LABEL>UB914X305X238</LABEL>
      <EDI_STD>UB914X305X238</EDI_STD>
      <DESIGNATION>W</DESIGNATION>
      <D>915</D>
      <BF>305</BF>
      <TF>25.9</TF>
      <TW>16.5</TW>
      <A>30350</A>
      <I33>4.064E+09</I33>
      <Z33>1.023E+07</Z33>
      <AS3>13165.83</AS3>
      <I22>1.229E+08</I22>
      <Z22>1267000</Z22>
      <AS2>15097.5</AS2>
      <J>5188000</J>
      <S33POS>8883060</S33POS>
      <S33NEG>8883060</S33NEG>
      <S22POS>805901.6</S22POS>
      <S22NEG>805901.6</S22NEG>
      <R33>365.9296</R33>
      <R22>63.63508</R22>
  </STEEL_I_SECTION>

  <STEEL_I_SECTION>
      <LABEL>UB914X305X253</LABEL>
      <EDI_STD>UB914X305X253</EDI_STD>
      <DESIGNATION>W</DESIGNATION>
      <D>918.4</D>
      <BF>305.5</BF>
      <TF>27.9</TF>
      <TW>17.3</TW>
      <A>32280</A>
      <I33>4.363E+09</I33>
      <Z33>1.094E+07</Z33>
      <AS3>14205.75</AS3>
      <I22>1.33E+08</I22>
      <Z22>1371000</Z22>
      <AS2>15888.32</AS2>
      <J>6310000</J>
      <S33POS>9501306</S33POS>
      <S33NEG>9501306</S33NEG>
      <S22POS>870703.8</S22POS>
      <S22NEG>870703.8</S22NEG>
      <R33>367.6426</R33>
      <R22>64.18877</R22>
  </STEEL_I_SECTION>

  <STEEL_I_SECTION>
      <LABEL>UB914X305X271</LABEL>
      <EDI_STD>UB914X305X271</EDI_STD>
      <DESIGNATION>W</DESIGNATION>
      <D>923</D>
      <BF>307</BF>
      <TF>30</TF>
      <TW>18.4</TW>
      <A>34610</A>
      <I33>4.716E+09</I33>
      <Z33>1.178E+07</Z33>
      <AS3>15350</AS3>
      <I22>1.452E+08</I22>
      <Z22>1491000</Z22>
      <AS2>16983.2</AS2>
      <J>7750000</J>
      <S33POS>1.021885E+07</S33POS>
      <S33NEG>1.021885E+07</S33NEG>
      <S22POS>945928.3</S22POS>
      <S22NEG>945928.3</S22NEG>
      <R33>369.1357</R33>
      <R22>64.77129</R22>
  </STEEL_I_SECTION>

  <STEEL_I_SECTION>
      <LABEL>UB914X305X289</LABEL>
      <EDI_STD>UB914X305X289</EDI_STD>
      <DESIGNATION>W</DESIGNATION>
      <D>926.6</D>
      <BF>307.7</BF>
      <TF>32</TF>
      <TW>19.5</TW>
      <A>36830</A>
      <I33>5.042E+09</I33>
      <Z33>1.257E+07</Z33>
      <AS3>16410.67</AS3>
      <I22>1.56E+08</I22>
      <Z22>1601000</Z22>
      <AS2>18068.7</AS2>
      <J>9340000</J>
      <S33POS>1.08828E+07</S33POS>
      <S33NEG>1.08828E+07</S33NEG>
      <S22POS>1013975</S22POS>
      <S22NEG>1013975</S22NEG>
      <R33>369.999</R33>
      <R22>65.08208</R22>
  </STEEL_I_SECTION>

  <STEEL_I_SECTION>
      <LABEL>UB914X305X313</LABEL>
      <EDI_STD>UB914X305X313</EDI_STD>
      <DESIGNATION>W</DESIGNATION>
      <D>932</D>
      <BF>309</BF>
      <TF>34.5</TF>
      <TW>21.1</TW>
      <A>39840</A>
      <I33>5.482E+09</I33>
      <Z33>1.363E+07</Z33>
      <AS3>17767.5</AS3>
      <I22>1.704E+08</I22>
      <Z22>1748000</Z22>
      <AS2>19665.2</AS2>
      <J>1.171E+07</J>
      <S33POS>1.176395E+07</S33POS>
      <S33NEG>1.176395E+07</S33NEG>
      <S22POS>1102913</S22POS>
      <S22NEG>1102913</S22NEG>
      <R33>370.9453</R33>
      <R22>65.3996</R22>
  </STEEL_I_SECTION>

  <STEEL_I_SECTION>
      <LABEL>UB914X305X345</LABEL>
      <EDI_STD>UB914X305X345</EDI_STD>
      <DESIGNATION>W</DESIGNATION>
      <D>943</D>
      <BF>308</BF>
      <TF>39.9</TF>
      <TW>22.1</TW>
      <A>43970</A>
      <I33>6.256E+09</I33>
      <Z33>1.535E+07</Z33>
      <AS3>20482</AS3>
      <I22>1.952E+08</I22>
      <Z22>2003000</Z22>
      <AS2>20840.3</AS2>
      <J>1.658E+07</J>
      <S33POS>1.326829E+07</S33POS>
      <S33NEG>1.326829E+07</S33NEG>
      <S22POS>1267533</S22POS>
      <S22NEG>1267533</S22NEG>
      <R33>377.1987</R33>
      <R22>66.62875</R22>
  </STEEL_I_SECTION>

  <STEEL_I_SECTION>
      <LABEL>UB914X305X381</LABEL>
      <EDI_STD>UB914X305X381</EDI_STD>
      <DESIGNATION>W</DESIGNATION>
      <D>951</D>
      <BF>310</BF>
      <TF>43.9</TF>
      <TW>24.4</TW>
      <A>48590</A>
      <I33>6.968E+09</I33>
      <Z33>1.702E+07</Z33>
      <AS3>22681.67</AS3>
      <I22>2.191E+08</I22>
      <Z22>2243000</Z22>
      <AS2>23204.4</AS2>
      <J>2.213E+07</J>
      <S33POS>1.465405E+07</S33POS>
      <S33NEG>1.465405E+07</S33NEG>
      <S22POS>1413548</S22POS>
      <S22NEG>1413548</S22NEG>
      <R33>378.6872</R33>
      <R22>67.15027</R22>
  </STEEL_I_SECTION>

  <STEEL_I_SECTION>
      <LABEL>UB914X305X425</LABEL>
      <EDI_STD>UB914X305X425</EDI_STD>
      <DESIGNATION>W</DESIGNATION>
      <D>961</D>
      <BF>313</BF>
      <TF>49</TF>
      <TW>26.9</TW>
      <A>54200</A>
      <I33>7.882E+09</I33>
      <Z33>1.913E+07</Z33>
      <AS3>25561.67</AS3>
      <I22>2.519E+08</I22>
      <Z22>2562000</Z22>
      <AS2>25850.9</AS2>
      <J>3.054E+07</J>
      <S33POS>1.640375E+07</S33POS>
      <S33NEG>1.640375E+07</S33NEG>
      <S22POS>1609585</S22POS>
      <S22NEG>1609585</S22NEG>
      <R33>381.3455</R33>
      <R22>68.17332</R22>
  </STEEL_I_SECTION>

  <STEEL_I_SECTION>
      <LABEL>UB914X305X474</LABEL>
      <EDI_STD>UB914X305X474</EDI_STD>
      <DESIGNATION>W</DESIGNATION>
      <D>971</D>
      <BF>316</BF>
      <TF>54.1</TF>
      <TW>30</TW>
      <A>60390</A>
      <I33>8.857E+09</I33>
      <Z33>2.139E+07</Z33>
      <AS3>28492.67</AS3>
      <I22>2.866E+08</I22>
      <Z22>2901000</Z22>
      <AS2>29130</AS2>
      <J>4.147E+07</J>
      <S33POS>1.824305E+07</S33POS>
      <S33NEG>1.824305E+07</S33NEG>
      <S22POS>1813924</S22POS>
      <S22NEG>1813924</S22NEG>
      <R33>382.9665</R33>
      <R22>68.8899</R22>
  </STEEL_I_SECTION>

  <STEEL_I_SECTION>
      <LABEL>UB914X305X521</LABEL>
      <EDI_STD>UB914X305X521</EDI_STD>
      <DESIGNATION>W</DESIGNATION>
      <D>981</D>
      <BF>319</BF>
      <TF>58.9</TF>
      <TW>33</TW>
      <A>66370</A>
      <I33>9.824E+09</I33>
      <Z33>2.361E+07</Z33>
      <AS3>31315.17</AS3>
      <I22>3.214E+08</I22>
      <Z22>3238000</Z22>
      <AS2>32373</AS2>
      <J>5.405E+07</J>
      <S33POS>2.002854E+07</S33POS>
      <S33NEG>2.002854E+07</S33NEG>
      <S22POS>2015047</S22POS>
      <S22NEG>2015047</S22NEG>
      <R33>384.732</R33>
      <R22>69.58842</R22>
  </STEEL_I_SECTION>

  <STEEL_I_SECTION>
      <LABEL>UB914X305X576</LABEL>
      <EDI_STD>UB914X305X576</EDI_STD>
      <DESIGNATION>W</DESIGNATION>
      <D>993</D>
      <BF>322</BF>
      <TF>65</TF>
      <TW>36.1</TW>
      <A>73320</A>
      <I33>1.102E+10</I33>
      <Z33>2.628E+07</Z33>
      <AS3>34883.33</AS3>
      <I22>3.652E+08</I22>
      <Z22>3658000</Z22>
      <AS2>35847.3</AS2>
      <J>7.227E+07</J>
      <S33POS>2.219537E+07</S33POS>
      <S33NEG>2.219537E+07</S33NEG>
      <S22POS>2268323</S22POS>
      <S22NEG>2268323</S22NEG>
      <R33>387.6855</R33>
      <R22>70.57553</R22>
  </STEEL_I_SECTION>

  <STEEL_I_SECTION>
      <LABEL>UB914X419X343</LABEL>
      <EDI_STD>UB914X419X343</EDI_STD>
      <DESIGNATION>W</DESIGNATION>
      <D>911.8</D>
      <BF>418.5</BF>
      <TF>32</TF>
      <TW>19.4</TW>
      <A>43730</A>
      <I33>6.258E+09</I33>
      <Z33>1.548E+07</Z33>
      <AS3>22320</AS3>
      <I22>3.916E+08</I22>
      <Z22>2890000</Z22>
      <AS2>17688.92</AS2>
      <J>1.199E+07</J>
      <S33POS>1.372669E+07</S33POS>
      <S33NEG>1.372669E+07</S33NEG>
      <S22POS>1871446</S22POS>
      <S22NEG>1871446</S22NEG>
      <R33>378.2928</R33>
      <R22>94.6306</R22>
  </STEEL_I_SECTION>

  <STEEL_I_SECTION>
      <LABEL>UB914X419X388</LABEL>
      <EDI_STD>UB914X419X388</EDI_STD>
      <DESIGNATION>W</DESIGNATION>
      <D>921</D>
      <BF>420.5</BF>
      <TF>36.6</TF>
      <TW>21.4</TW>
      <A>49420</A>
      <I33>7.196E+09</I33>
      <Z33>1.767E+07</Z33>
      <AS3>25650.5</AS3>
      <I22>4.544E+08</I22>
      <Z22>3341000</Z22>
      <AS2>19709.4</AS2>
      <J>1.741E+07</J>
      <S33POS>1.562649E+07</S33POS>
      <S33NEG>1.562649E+07</S33NEG>
      <S22POS>2161237</S22POS>
      <S22NEG>2161237</S22NEG>
      <R33>381.5876</R33>
      <R22>95.88878</R22>
  </STEEL_I_SECTION>

  <STEEL_I_SECTION>
      <LABEL>UB1016X305X249</LABEL>
      <EDI_STD>UB1016X305X249</EDI_STD>
      <DESIGNATION>W</DESIGNATION>
      <D>980</D>
      <BF>300</BF>
      <TF>26</TF>
      <TW>16.5</TW>
      <A>31680</A>
      <I33>4.811E+09</I33>
      <Z33>1.135E+07</Z33>
      <AS3>13000</AS3>
      <I22>1.175E+08</I22>
      <Z22>1245000</Z22>
      <AS2>16170</AS2>
      <J>5840000</J>
      <S33POS>9818367</S33POS>
      <S33NEG>9818367</S33NEG>
      <S22POS>783333.3</S22POS>
      <S22NEG>783333.3</S22NEG>
      <R33>389.6952</R33>
      <R22>60.90127</R22>
  </STEEL_I_SECTION>

  <STEEL_I_SECTION>
      <LABEL>UB1016X305X272</LABEL>
      <EDI_STD>UB1016X305X272</EDI_STD>
      <DESIGNATION>W</DESIGNATION>
      <D>990.1</D>
      <BF>300</BF>
      <TF>31</TF>
      <TW>16.5</TW>
      <A>34680</A>
      <I33>5.538E+09</I33>
      <Z33>1.282E+07</Z33>
      <AS3>15500</AS3>
      <I22>1.4E+08</I22>
      <Z22>1470000</Z22>
      <AS2>16336.65</AS2>
      <J>8220000</J>
      <S33POS>1.118675E+07</S33POS>
      <S33NEG>1.118675E+07</S33NEG>
      <S22POS>933333.3</S22POS>
      <S22NEG>933333.3</S22NEG>
      <R33>399.6105</R33>
      <R22>63.53667</R22>
  </STEEL_I_SECTION>

  <STEEL_I_SECTION>
      <LABEL>UB1016X305X314</LABEL>
      <EDI_STD>UB1016X305X314</EDI_STD>
      <DESIGNATION>W</DESIGNATION>
      <D>1000</D>
      <BF>300</BF>
      <TF>35.9</TF>
      <TW>19.1</TW>
      <A>40040</A>
      <I33>6.442E+09</I33>
      <Z33>1.485E+07</Z33>
      <AS3>17950</AS3>
      <I22>1.623E+08</I22>
      <Z22>1713000</Z22>
      <AS2>19100</AS2>
      <J>1.252E+07</J>
      <S33POS>1.2884E+07</S33POS>
      <S33NEG>1.2884E+07</S33NEG>
      <S22POS>1082000</S22POS>
      <S22NEG>1082000</S22NEG>
      <R33>401.1098</R33>
      <R22>63.66668</R22>
  </STEEL_I_SECTION>

  <STEEL_I_SECTION>
      <LABEL>UB1016X305X350</LABEL>
      <EDI_STD>UB1016X305X350</EDI_STD>
      <DESIGNATION>W</DESIGNATION>
      <D>1008.1</D>
      <BF>302</BF>
      <TF>40</TF>
      <TW>21.1</TW>
      <A>44510</A>
      <I33>7.23E+09</I33>
      <Z33>1.659E+07</Z33>
      <AS3>20133.33</AS3>
      <I22>1.846E+08</I22>
      <Z22>1941000</Z22>
      <AS2>21270.91</AS2>
      <J>1.707E+07</J>
      <S33POS>1.434382E+07</S33POS>
      <S33NEG>1.434382E+07</S33NEG>
      <S22POS>1222517</S22POS>
      <S22NEG>1222517</S22NEG>
      <R33>403.0328</R33>
      <R22>64.40018</R22>
  </STEEL_I_SECTION>

  <STEEL_I_SECTION>
      <LABEL>UB1016X305X393</LABEL>
      <EDI_STD>UB1016X305X393</EDI_STD>
      <DESIGNATION>W</DESIGNATION>
      <D>1016</D>
      <BF>303</BF>
      <TF>43.9</TF>
      <TW>24.4</TW>
      <A>50020</A>
      <I33>8.077E+09</I33>
      <Z33>1.854E+07</Z33>
      <AS3>22169.5</AS3>
      <I22>2.05E+08</I22>
      <Z22>2168000</Z22>
      <AS2>24790.4</AS2>
      <J>2.332E+07</J>
      <S33POS>1.589961E+07</S33POS>
      <S33NEG>1.589961E+07</S33NEG>
      <S22POS>1353135</S22POS>
      <S22NEG>1353135</S22NEG>
      <R33>401.84</R33>
      <R22>64.01844</R22>
  </STEEL_I_SECTION>

  <STEEL_I_SECTION>
      <LABEL>UB1016X305X415</LABEL>
      <EDI_STD>UB1016X305X415</EDI_STD>
      <DESIGNATION>W</DESIGNATION>
      <D>1020</D>
      <BF>304</BF>
      <TF>46</TF>
      <TW>26</TW>
      <A>52870</A>
      <I33>8.531E+09</I33>
      <Z33>1.957E+07</Z33>
      <AS3>23306.67</AS3>
      <I22>2.171E+08</I22>
      <Z22>2298000</Z22>
      <AS2>26520</AS2>
      <J>2.713E+07</J>
      <S33POS>1.672745E+07</S33POS>
      <S33NEG>1.672745E+07</S33NEG>
      <S22POS>1428290</S22POS>
      <S22NEG>1428290</S22NEG>
      <R33>401.694</R33>
      <R22>64.08041</R22>
  </STEEL_I_SECTION>

  <STEEL_I_SECTION>
      <LABEL>UB1016X305X438</LABEL>
      <EDI_STD>UB1016X305X438</EDI_STD>
      <DESIGNATION>W</DESIGNATION>
      <D>1026</D>
      <BF>305</BF>
      <TF>49</TF>
      <TW>26.9</TW>
      <A>55630</A>
      <I33>9.092E+09</I33>
      <Z33>2.075E+07</Z33>
      <AS3>24908.33</AS3>
      <I22>2.336E+08</I22>
      <Z22>2463000</Z22>
      <AS2>27599.4</AS2>
      <J>3.19E+07</J>
      <S33POS>1.77232E+07</S33POS>
      <S33NEG>1.77232E+07</S33NEG>
      <S22POS>1531803</S22POS>
      <S22NEG>1531803</S22NEG>
      <R33>404.2734</R33>
      <R22>64.80103</R22>
  </STEEL_I_SECTION>

  <STEEL_I_SECTION>
      <LABEL>UB1016X305X494</LABEL>
      <EDI_STD>UB1016X305X494</EDI_STD>
      <DESIGNATION>W</DESIGNATION>
      <D>1036</D>
      <BF>309</BF>
      <TF>54</TF>
      <TW>31</TW>
      <A>62910</A>
      <I33>1.028E+10</I33>
      <Z33>2.341E+07</Z33>
      <AS3>27810</AS3>
      <I22>2.682E+08</I22>
      <Z22>2818000</Z22>
      <AS2>32116</AS2>
      <J>4.433E+07</J>
      <S33POS>1.984556E+07</S33POS>
      <S33NEG>1.984556E+07</S33NEG>
      <S22POS>1735922</S22POS>
      <S22NEG>1735922</S22NEG>
      <R33>404.2376</R33>
      <R22>65.29344</R22>
  </STEEL_I_SECTION>

  <STEEL_I_SECTION>
      <LABEL>UB1016X305X584</LABEL>
      <EDI_STD>UB1016X305X584</EDI_STD>
      <DESIGNATION>W</DESIGNATION>
      <D>1056</D>
      <BF>314</BF>
      <TF>64</TF>
      <TW>36</TW>
      <A>74370</A>
      <I33>1.246E+10</I33>
      <Z33>2.804E+07</Z33>
      <AS3>33493.33</AS3>
      <I22>3.343E+08</I22>
      <Z22>3475000</Z22>
      <AS2>38016</AS2>
      <J>7.23E+07</J>
      <S33POS>2.359849E+07</S33POS>
      <S33NEG>2.359849E+07</S33NEG>
      <S22POS>2129299</S22POS>
      <S22NEG>2129299</S22NEG>
      <R33>409.3173</R33>
      <R22>67.04545</R22>
  </STEEL_I_SECTION>

  <STEEL_I_SECTION>
      <LABEL>UB1016X305X642</LABEL>
      <EDI_STD>UB1016X305X642</EDI_STD>
      <DESIGNATION>W</DESIGNATION>
      <D>1048</D>
      <BF>412</BF>
      <TF>60</TF>
      <TW>34</TW>
      <A>81760</A>
      <I33>1.451E+10</I33>
      <Z33>3.21E+07</Z33>
      <AS3>41200</AS3>
      <I22>7.028E+08</I22>
      <Z22>5379000</Z22>
      <AS2>35632</AS2>
      <J>7.44E+07</J>
      <S33POS>2.769084E+07</S33POS>
      <S33NEG>2.769084E+07</S33NEG>
      <S22POS>3411651</S22POS>
      <S22NEG>3411651</S22NEG>
      <R33>421.2726</R33>
      <R22>92.71403</R22>
  </STEEL_I_SECTION>

  <STEEL_I_SECTION>
      <LABEL>UB1016X305X748</LABEL>
      <EDI_STD>UB1016X305X748</EDI_STD>
      <DESIGNATION>W</DESIGNATION>
      <D>1068</D>
      <BF>417</BF>
      <TF>70</TF>
      <TW>39</TW>
      <A>95340</A>
      <I33>1.732E+10</I33>
      <Z33>3.788E+07</Z33>
      <AS3>48650</AS3>
      <I22>8.511E+08</I22>
      <Z22>6459000</Z22>
      <AS2>41652</AS2>
      <J>1.167E+08</J>
      <S33POS>3.243446E+07</S33POS>
      <S33NEG>3.243446E+07</S33NEG>
      <S22POS>4082015</S22POS>
      <S22NEG>4082015</S22NEG>
      <R33>426.2225</R33>
      <R22>94.4828</R22>
  </STEEL_I_SECTION>

  <STEEL_I_SECTION>
      <LABEL>UB1016X305X883</LABEL>
      <EDI_STD>UB1016X305X883</EDI_STD>
      <DESIGNATION>W</DESIGNATION>
      <D>1092</D>
      <BF>424</BF>
      <TF>82</TF>
      <TW>45.5</TW>
      <A>112530</A>
      <I33>2.096E+10</I33>
      <Z33>4.526E+07</Z33>
      <AS3>57946.67</AS3>
      <I22>1.05E+09</I22>
      <Z22>7874000</Z22>
      <AS2>49686</AS2>
      <J>1.875E+08</J>
      <S33POS>3.838828E+07</S33POS>
      <S33NEG>3.838828E+07</S33NEG>
      <S22POS>4952830</S22POS>
      <S22NEG>4952830</S22NEG>
      <R33>431.5802</R33>
      <R22>96.5963</R22>
  </STEEL_I_SECTION>

  <STEEL_I_SECTION>
      <LABEL>UB1016X305X976</LABEL>
      <EDI_STD>UB1016X305X976</EDI_STD>
      <DESIGNATION>W</DESIGNATION>
      <D>1108</D>
      <BF>428</BF>
      <TF>89.9</TF>
      <TW>50</TW>
      <A>124270</A>
      <I33>2.349E+10</I33>
      <Z33>5.03E+07</Z33>
      <AS3>64128.67</AS3>
      <I22>1.185E+09</I22>
      <Z22>8839000</Z22>
      <AS2>55400</AS2>
      <J>2.477E+08</J>
      <S33POS>4.240072E+07</S33POS>
      <S33NEG>4.240072E+07</S33NEG>
      <S22POS>5537383</S22POS>
      <S22NEG>5537383</S22NEG>
      <R33>434.7688</R33>
      <R22>97.65085</R22>
  </STEEL_I_SECTION>

  <STEEL_I_SECTION>
      <LABEL>UC254X254X73</LABEL>
      <EDI_STD>UC254X254X73</EDI_STD>
      <DESIGNATION>W</DESIGNATION>
      <D>254.1</D>
      <BF>254.6</BF>
      <TF>14.2</TF>
      <TW>8.6</TW>
      <A>9310</A>
      <I33>1.141E+08</I33>
      <Z33>992000</Z33>
      <AS3>6025.533</AS3>
      <I22>3.908E+07</I22>
      <Z22>465000</Z22>
      <AS2>2185.26</AS2>
      <J>577000</J>
      <S33POS>898071.6</S33POS>
      <S33NEG>898071.6</S33NEG>
      <S22POS>306991.3</S22POS>
      <S22NEG>306991.3</S22NEG>
      <R33>110.7052</R33>
      <R22>64.78917</R22>
  </STEEL_I_SECTION>

  <STEEL_I_SECTION>
      <LABEL>UC254X254X89</LABEL>
      <EDI_STD>UC254X254X89</EDI_STD>
      <DESIGNATION>W</DESIGNATION>
      <D>260.3</D>
      <BF>256.3</BF>
      <TF>17.3</TF>
      <TW>10.3</TW>
      <A>11330</A>
      <I33>1.427E+08</I33>
      <Z33>1224000</Z33>
      <AS3>7389.983</AS3>
      <I22>4.857E+07</I22>
      <Z22>575000</Z22>
      <AS2>2681.09</AS2>
      <J>1030000</J>
      <S33POS>1096427</S33POS>
      <S33NEG>1096427</S33NEG>
      <S22POS>379009</S22POS>
      <S22NEG>379009</S22NEG>
      <R33>112.2269</R33>
      <R22>65.47404</R22>
  </STEEL_I_SECTION>

  <STEEL_I_SECTION>
      <LABEL>UC254X254X107</LABEL>
      <EDI_STD>UC254X254X107</EDI_STD>
      <DESIGNATION>W</DESIGNATION>
      <D>266.7</D>
      <BF>258.8</BF>
      <TF>20.5</TF>
      <TW>12.8</TW>
      <A>13640</A>
      <I33>1.751E+08</I33>
      <Z33>1484000</Z33>
      <AS3>8842.333</AS3>
      <I22>5.928E+07</I22>
      <Z22>697000</Z22>
      <AS2>3413.76</AS2>
      <J>1740000</J>
      <S33POS>1313086</S33POS>
      <S33NEG>1313086</S33NEG>
      <S22POS>458114.4</S22POS>
      <S22NEG>458114.4</S22NEG>
      <R33>113.3016</R33>
      <R22>65.92451</R22>
  </STEEL_I_SECTION>

  <STEEL_I_SECTION>
      <LABEL>UC254X254X132</LABEL>
      <EDI_STD>UC254X254X132</EDI_STD>
      <DESIGNATION>W</DESIGNATION>
      <D>276.3</D>
      <BF>261.3</BF>
      <TF>25.3</TF>
      <TW>15.3</TW>
      <A>16810</A>
      <I33>2.253E+08</I33>
      <Z33>1869000</Z33>
      <AS3>11018.15</AS3>
      <I22>7.531E+07</I22>
      <Z22>878000</Z22>
      <AS2>4227.39</AS2>
      <J>3220000</J>
      <S33POS>1630836</S33POS>
      <S33NEG>1630836</S33NEG>
      <S22POS>576425.6</S22POS>
      <S22NEG>576425.6</S22NEG>
      <R33>115.7702</R33>
      <R22>66.93333</R22>
  </STEEL_I_SECTION>

  <STEEL_I_SECTION>
      <LABEL>UC254X254X167</LABEL>
      <EDI_STD>UC254X254X167</EDI_STD>
      <DESIGNATION>W</DESIGNATION>
      <D>289.1</D>
      <BF>265.2</BF>
      <TF>31.7</TF>
      <TW>19.2</TW>
      <A>21290</A>
      <I33>3E+08</I33>
      <Z33>2424000</Z33>
      <AS3>14011.4</AS3>
      <I22>9.87E+07</I22>
      <Z22>1137000</Z22>
      <AS2>5550.72</AS2>
      <J>6340000</J>
      <S33POS>2075406</S33POS>
      <S33NEG>2075406</S33NEG>
      <S22POS>744343.9</S22POS>
      <S22NEG>744343.9</S22NEG>
      <R33>118.706</R33>
      <R22>68.08803</R22>
  </STEEL_I_SECTION>

  <STEEL_I_SECTION>
      <LABEL>UC305X305X97</LABEL>
      <EDI_STD>UC305X305X97</EDI_STD>
      <DESIGNATION>W</DESIGNATION>
      <D>307.9</D>
      <BF>305.3</BF>
      <TF>15.4</TF>
      <TW>9.9</TW>
      <A>12340</A>
      <I33>2.225E+08</I33>
      <Z33>1592000</Z33>
      <AS3>7836.033</AS3>
      <I22>7.308E+07</I22>
      <Z22>726000</Z22>
      <AS2>3048.21</AS2>
      <J>918000</J>
      <S33POS>1445275</S33POS>
      <S33NEG>1445275</S33NEG>
      <S22POS>478742.3</S22POS>
      <S22NEG>478742.3</S22NEG>
      <R33>134.2788</R33>
      <R22>76.95586</R22>
  </STEEL_I_SECTION>

  <STEEL_I_SECTION>
      <LABEL>UC305X305X118</LABEL>
      <EDI_STD>UC305X305X118</EDI_STD>
      <DESIGNATION>W</DESIGNATION>
      <D>314.5</D>
      <BF>307.4</BF>
      <TF>18.7</TF>
      <TW>12</TW>
      <A>15020</A>
      <I33>2.767E+08</I33>
      <Z33>1958000</Z33>
      <AS3>9580.634</AS3>
      <I22>9.059E+07</I22>
      <Z22>895000</Z22>
      <AS2>3774</AS2>
      <J>1620000</J>
      <S33POS>1759619</S33POS>
      <S33NEG>1759619</S33NEG>
      <S22POS>589394.9</S22POS>
      <S22NEG>589394.9</S22NEG>
      <R33>135.7281</R33>
      <R22>77.66139</R22>
  </STEEL_I_SECTION>

  <STEEL_I_SECTION>
      <LABEL>UC305X305X137</LABEL>
      <EDI_STD>UC305X305X137</EDI_STD>
      <DESIGNATION>W</DESIGNATION>
      <D>320.5</D>
      <BF>309.2</BF>
      <TF>21.7</TF>
      <TW>13.8</TW>
      <A>17440</A>
      <I33>3.281E+08</I33>
      <Z33>2297000</Z33>
      <AS3>11182.73</AS3>
      <I22>1.07E+08</I22>
      <Z22>1053000</Z22>
      <AS2>4422.9</AS2>
      <J>2510000</J>
      <S33POS>2047426</S33POS>
      <S33NEG>2047426</S33NEG>
      <S22POS>692108.6</S22POS>
      <S22NEG>692108.6</S22NEG>
      <R33>137.1608</R33>
      <R22>78.32829</R22>
  </STEEL_I_SECTION>

  <STEEL_I_SECTION>
      <LABEL>UC305X305X158</LABEL>
      <EDI_STD>UC305X305X158</EDI_STD>
      <DESIGNATION>W</DESIGNATION>
      <D>327.1</D>
      <BF>311.2</BF>
      <TF>25</TF>
      <TW>15.8</TW>
      <A>20140</A>
      <I33>3.875E+08</I33>
      <Z33>2680000</Z33>
      <AS3>12966.67</AS3>
      <I22>1.257E+08</I22>
      <Z22>1230000</Z22>
      <AS2>5168.18</AS2>
      <J>3820000</J>
      <S33POS>2369306</S33POS>
      <S33NEG>2369306</S33NEG>
      <S22POS>807840.6</S22POS>
      <S22NEG>807840.6</S22NEG>
      <R33>138.7095</R33>
      <R22>79.00197</R22>
  </STEEL_I_SECTION>

  <STEEL_I_SECTION>
      <LABEL>UC305X305X198</LABEL>
      <EDI_STD>UC305X305X198</EDI_STD>
      <DESIGNATION>W</DESIGNATION>
      <D>339.9</D>
      <BF>314.5</BF>
      <TF>31.4</TF>
      <TW>19.1</TW>
      <A>25240</A>
      <I33>5.09E+08</I33>
      <Z33>3440000</Z33>
      <AS3>16458.83</AS3>
      <I22>1.63E+08</I22>
      <Z22>1581000</Z22>
      <AS2>6492.09</AS2>
      <J>7410000</J>
      <S33POS>2994999</S33POS>
      <S33NEG>2994999</S33NEG>
      <S22POS>1036566</S22POS>
      <S22NEG>1036566</S22NEG>
      <R33>142.0085</R33>
      <R22>80.3617</R22>
  </STEEL_I_SECTION>

  <STEEL_I_SECTION>
      <LABEL>UC305X305X240</LABEL>
      <EDI_STD>UC305X305X240</EDI_STD>
      <DESIGNATION>W</DESIGNATION>
      <D>352.5</D>
      <BF>318.4</BF>
      <TF>37.7</TF>
      <TW>23</TW>
      <A>30580</A>
      <I33>6.42E+08</I33>
      <Z33>4247000</Z33>
      <AS3>20006.13</AS3>
      <I22>2.031E+08</I22>
      <Z22>1951000</Z22>
      <AS2>8107.5</AS2>
      <J>1.287E+07</J>
      <S33POS>3642553</S33POS>
      <S33NEG>3642553</S33NEG>
      <S22POS>1275754</S22POS>
      <S22NEG>1275754</S22NEG>
      <R33>144.8935</R33>
      <R22>81.49599</R22>
  </STEEL_I_SECTION>

  <STEEL_I_SECTION>
      <LABEL>UC305X305X283</LABEL>
      <EDI_STD>UC305X305X283</EDI_STD>
      <DESIGNATION>W</DESIGNATION>
      <D>365.3</D>
      <BF>322.2</BF>
      <TF>44.1</TF>
      <TW>26.8</TW>
      <A>36040</A>
      <I33>7.887E+08</I33>
      <Z33>5105000</Z33>
      <AS3>23681.7</AS3>
      <I22>2.463E+08</I22>
      <Z22>2342000</Z22>
      <AS2>9790.04</AS2>
      <J>2.062E+07</J>
      <S33POS>4318095</S33POS>
      <S33NEG>4318095</S33NEG>
      <S22POS>1528864</S22POS>
      <S22NEG>1528864</S22NEG>
      <R33>147.9325</R33>
      <R22>82.66846</R22>
  </STEEL_I_SECTION>

  <STEEL_I_SECTION>
      <LABEL>UC356X368X129</LABEL>
      <EDI_STD>UC356X368X129</EDI_STD>
      <DESIGNATION>W</DESIGNATION>
      <D>355.6</D>
      <BF>368.6</BF>
      <TF>17.5</TF>
      <TW>10.4</TW>
      <A>16430</A>
      <I33>4.025E+08</I33>
      <Z33>2479000</Z33>
      <AS3>10750.83</AS3>
      <I22>1.461E+08</I22>
      <Z22>1199000</Z22>
      <AS2>3698.24</AS2>
      <J>1530000</J>
      <S33POS>2263780</S33POS>
      <S33NEG>2263780</S33NEG>
      <S22POS>792729.3</S22POS>
      <S22NEG>792729.3</S22NEG>
      <R33>156.518</R33>
      <R22>94.29884</R22>
  </STEEL_I_SECTION>

  <STEEL_I_SECTION>
      <LABEL>UC356X368X153</LABEL>
      <EDI_STD>UC356X368X153</EDI_STD>
      <DESIGNATION>W</DESIGNATION>
      <D>362</D>
      <BF>370.5</BF>
      <TF>20.7</TF>
      <TW>12.3</TW>
      <A>19480</A>
      <I33>4.859E+08</I33>
      <Z33>2965000</Z33>
      <AS3>12782.25</AS3>
      <I22>1.755E+08</I22>
      <Z22>1435000</Z22>
      <AS2>4452.6</AS2>
      <J>2510000</J>
      <S33POS>2684531</S33POS>
      <S33NEG>2684531</S33NEG>
      <S22POS>947368.4</S22POS>
      <S22NEG>947368.4</S22NEG>
      <R33>157.9352</R33>
      <R22>94.91702</R22>
  </STEEL_I_SECTION>

  <STEEL_I_SECTION>
      <LABEL>UC356X368X177</LABEL>
      <EDI_STD>UC356X368X177</EDI_STD>
      <DESIGNATION>W</DESIGNATION>
      <D>368.2</D>
      <BF>372.6</BF>
      <TF>23.8</TF>
      <TW>14.4</TW>
      <A>22550</A>
      <I33>5.712E+08</I33>
      <Z33>3455000</Z33>
      <AS3>14779.8</AS3>
      <I22>2.053E+08</I22>
      <Z22>1671000</Z22>
      <AS2>5302.08</AS2>
      <J>3840000</J>
      <S33POS>3102662</S33POS>
      <S33NEG>3102662</S33NEG>
      <S22POS>1101986</S22POS>
      <S22NEG>1101986</S22NEG>
      <R33>159.1552</R33>
      <R22>95.416</R22>
  </STEEL_I_SECTION>

  <STEEL_I_SECTION>
      <LABEL>UC356X368X202</LABEL>
      <EDI_STD>UC356X368X202</EDI_STD>
      <DESIGNATION>W</DESIGNATION>
      <D>374.6</D>
      <BF>374.7</BF>
      <TF>27</TF>
      <TW>16.5</TW>
      <A>25720</A>
      <I33>6.626E+08</I33>
      <Z33>3972000</Z33>
      <AS3>16861.5</AS3>
      <I22>2.369E+08</I22>
      <Z22>1920000</Z22>
      <AS2>6180.9</AS2>
      <J>5610000</J>
      <S33POS>3537640</S33POS>
      <S33NEG>3537640</S33NEG>
      <S22POS>1264478</S22POS>
      <S22NEG>1264478</S22NEG>
      <R33>160.5056</R33>
      <R22>95.97255</R22>
  </STEEL_I_SECTION>

  <STEEL_I_SECTION>
      <LABEL>UC356X406X235</LABEL>
      <EDI_STD>UC356X406X235</EDI_STD>
      <DESIGNATION>W</DESIGNATION>
      <D>381</D>
      <BF>394.8</BF>
      <TF>30.2</TF>
      <TW>18.4</TW>
      <A>29900</A>
      <I33>7.908E+08</I33>
      <Z33>4687000</Z33>
      <AS3>19871.6</AS3>
      <I22>3.099E+08</I22>
      <Z22>2383000</Z22>
      <AS2>7010.4</AS2>
      <J>8180000</J>
      <S33POS>4151181</S33POS>
      <S33NEG>4151181</S33NEG>
      <S22POS>1569909</S22POS>
      <S22NEG>1569909</S22NEG>
      <R33>162.6289</R33>
      <R22>101.8064</R22>
  </STEEL_I_SECTION>

  <STEEL_I_SECTION>
      <LABEL>UC356X406X287</LABEL>
      <EDI_STD>UC356X406X287</EDI_STD>
      <DESIGNATION>W</DESIGNATION>
      <D>393.6</D>
      <BF>399</BF>
      <TF>36.5</TF>
      <TW>22.6</TW>
      <A>36570</A>
      <I33>9.988E+08</I33>
      <Z33>5812000</Z33>
      <AS3>24272.5</AS3>
      <I22>3.868E+08</I22>
      <Z22>2949000</Z22>
      <AS2>8895.36</AS2>
      <J>1.455E+07</J>
      <S33POS>5075203</S33POS>
      <S33NEG>5075203</S33NEG>
      <S22POS>1938847</S22POS>
      <S22NEG>1938847</S22NEG>
      <R33>165.2634</R33>
      <R22>102.8444</R22>
  </STEEL_I_SECTION>

  <STEEL_I_SECTION>
      <LABEL>UC356X406X340</LABEL>
      <EDI_STD>UC356X406X340</EDI_STD>
      <DESIGNATION>W</DESIGNATION>
      <D>406.4</D>
      <BF>403</BF>
      <TF>42.9</TF>
      <TW>26.6</TW>
      <A>43300</A>
      <I33>1.225E+09</I33>
      <Z33>6999000</Z33>
      <AS3>28814.5</AS3>
      <I22>4.685E+08</I22>
      <Z22>3544000</Z22>
      <AS2>10810.24</AS2>
      <J>2.37E+07</J>
      <S33POS>6028543</S33POS>
      <S33NEG>6028543</S33NEG>
      <S22POS>2325062</S22POS>
      <S22NEG>2325062</S22NEG>
      <R33>168.1993</R33>
      <R22>104.0186</R22>
  </STEEL_I_SECTION>

  <STEEL_I_SECTION>
      <LABEL>UC356X406X393</LABEL>
      <EDI_STD>UC356X406X393</EDI_STD>
      <DESIGNATION>W</DESIGNATION>
      <D>419</D>
      <BF>407</BF>
      <TF>49.2</TF>
      <TW>30.6</TW>
      <A>50060</A>
      <I33>1.466E+09</I33>
      <Z33>8222000</Z33>
      <AS3>33374</AS3>
      <I22>5.537E+08</I22>
      <Z22>4154000</Z22>
      <AS2>12821.4</AS2>
      <J>3.592E+07</J>
      <S33POS>6997614</S33POS>
      <S33NEG>6997614</S33NEG>
      <S22POS>2720884</S22POS>
      <S22NEG>2720884</S22NEG>
      <R33>171.1282</R33>
      <R22>105.17</R22>
  </STEEL_I_SECTION>

  <STEEL_I_SECTION>
      <LABEL>UC356X406X467</LABEL>
      <EDI_STD>UC356X406X467</EDI_STD>
      <DESIGNATION>W</DESIGNATION>
      <D>436.6</D>
      <BF>412.2</BF>
      <TF>58</TF>
      <TW>35.8</TW>
      <A>59490</A>
      <I33>1.83E+09</I33>
      <Z33>1E+07</Z33>
      <AS3>39846</AS3>
      <I22>6.783E+08</I22>
      <Z22>5034000</Z22>
      <AS2>15630.28</AS2>
      <J>5.896E+07</J>
      <S33POS>8382959</S33POS>
      <S33NEG>8382959</S33NEG>
      <S22POS>3291121</S22POS>
      <S22NEG>3291121</S22NEG>
      <R33>175.3895</R33>
      <R22>106.7798</R22>
  </STEEL_I_SECTION>

  <STEEL_I_SECTION>
      <LABEL>UC356X406X509</LABEL>
      <EDI_STD>UC356X406X509</EDI_STD>
      <DESIGNATION>W</DESIGNATION>
      <D>446</D>
      <BF>416</BF>
      <TF>62.7</TF>
      <TW>39.1</TW>
      <A>64900</A>
      <I33>2.045E+09</I33>
      <Z33>1.103E+07</Z33>
      <AS3>43472</AS3>
      <I22>7.54E+08</I22>
      <Z22>5552000</Z22>
      <AS2>17438.6</AS2>
      <J>7.513E+07</J>
      <S33POS>9170403</S33POS>
      <S33NEG>9170403</S33NEG>
      <S22POS>3625000</S22POS>
      <S22NEG>3625000</S22NEG>
      <R33>177.5106</R33>
      <R22>107.7862</R22>
  </STEEL_I_SECTION>

  <STEEL_I_SECTION>
      <LABEL>UC356X406X551</LABEL>
      <EDI_STD>UC356X406X551</EDI_STD>
      <DESIGNATION>W</DESIGNATION>
      <D>455.6</D>
      <BF>418.5</BF>
      <TF>67.5</TF>
      <TW>42.1</TW>
      <A>70190</A>
      <I33>2.269E+09</I33>
      <Z33>1.208E+07</Z33>
      <AS3>47081.25</AS3>
      <I22>8.267E+08</I22>
      <Z22>6058000</Z22>
      <AS2>19180.76</AS2>
      <J>9.402E+07</J>
      <S33POS>9960491</S33POS>
      <S33NEG>9960491</S33NEG>
      <S22POS>3950777</S22POS>
      <S22NEG>3950777</S22NEG>
      <R33>179.7958</R33>
      <R22>108.5266</R22>
  </STEEL_I_SECTION>

  <STEEL_I_SECTION>
      <LABEL>UC356X406X592</LABEL>
      <EDI_STD>UC356X406X592</EDI_STD>
      <DESIGNATION>W</DESIGNATION>
      <D>465</D>
      <BF>421</BF>
      <TF>72.3</TF>
      <TW>45</TW>
      <A>75490</A>
      <I33>2.502E+09</I33>
      <Z33>1.314E+07</Z33>
      <AS3>50730.5</AS3>
      <I22>9.017E+08</I22>
      <Z22>6574000</Z22>
      <AS2>20925</AS2>
      <J>1.156E+08</J>
      <S33POS>1.076129E+07</S33POS>
      <S33NEG>1.076129E+07</S33NEG>
      <S22POS>4283611</S22POS>
      <S22NEG>4283611</S22NEG>
      <R33>182.0535</R33>
      <R22>109.2915</R22>
  </STEEL_I_SECTION>

  <STEEL_I_SECTION>
      <LABEL>UC356X406X634</LABEL>
      <EDI_STD>UC356X406X634</EDI_STD>
      <DESIGNATION>W</DESIGNATION>
      <D>474.6</D>
      <BF>424</BF>
      <TF>77</TF>
      <TW>47.6</TW>
      <A>80750</A>
      <I33>2.748E+09</I33>
      <Z33>1.424E+07</Z33>
      <AS3>54413.33</AS3>
      <I22>9.813E+08</I22>
      <Z22>7108000</Z22>
      <AS2>22590.96</AS2>
      <J>1.399E+08</J>
      <S33POS>1.158028E+07</S33POS>
      <S33NEG>1.158028E+07</S33NEG>
      <S22POS>4628774</S22POS>
      <S22NEG>4628774</S22NEG>
      <R33>184.4748</R33>
      <R22>110.2376</R22>
  </STEEL_I_SECTION>

  <STEEL_I_SECTION>
      <LABEL>UC356X406X677</LABEL>
      <EDI_STD>UC356X406X677</EDI_STD>
      <DESIGNATION>W</DESIGNATION>
      <D>483</D>
      <BF>428</BF>
      <TF>81.5</TF>
      <TW>51.2</TW>
      <A>86340</A>
      <I33>2.995E+09</I33>
      <Z33>1.535E+07</Z33>
      <AS3>58136.67</AS3>
      <I22>1.069E+09</I22>
      <Z22>7680000</Z22>
      <AS2>24729.6</AS2>
      <J>1.679E+08</J>
      <S33POS>1.240166E+07</S33POS>
      <S33NEG>1.240166E+07</S33NEG>
      <S22POS>4995327</S22POS>
      <S22NEG>4995327</S22NEG>
      <R33>186.2483</R33>
      <R22>111.2712</R22>
  </STEEL_I_SECTION>

  <STEEL_I_SECTION>
      <LABEL>UC356X406X744</LABEL>
      <EDI_STD>UC356X406X744</EDI_STD>
      <DESIGNATION>W</DESIGNATION>
      <D>498</D>
      <BF>432</BF>
      <TF>88.9</TF>
      <TW>55.6</TW>
      <A>94810</A>
      <I33>3.421E+09</I33>
      <Z33>1.717E+07</Z33>
      <AS3>64008</AS3>
      <I22>1.199E+09</I22>
      <Z22>8549000</Z22>
      <AS2>27688.8</AS2>
      <J>2.184E+08</J>
      <S33POS>1.373896E+07</S33POS>
      <S33NEG>1.373896E+07</S33NEG>
      <S22POS>5550926</S22POS>
      <S22NEG>5550926</S22NEG>
      <R33>189.9544</R33>
      <R22>112.456</R22>
  </STEEL_I_SECTION>

  <STEEL_I_SECTION>
      <LABEL>UC356X406X818</LABEL>
      <EDI_STD>UC356X406X818</EDI_STD>
      <DESIGNATION>W</DESIGNATION>
      <D>514</D>
      <BF>437</BF>
      <TF>97</TF>
      <TW>60.5</TW>
      <A>104300</A>
      <I33>3.922E+09</I33>
      <Z33>1.926E+07</Z33>
      <AS3>70648.34</AS3>
      <I22>1.355E+09</I22>
      <Z22>9561000</Z22>
      <AS2>31097</AS2>
      <J>2.851E+08</J>
      <S33POS>1.52607E+07</S33POS>
      <S33NEG>1.52607E+07</S33NEG>
      <S22POS>6201374</S22POS>
      <S22NEG>6201374</S22NEG>
      <R33>193.9151</R33>
      <R22>113.9797</R22>
  </STEEL_I_SECTION>

  <STEEL_I_SECTION>
      <LABEL>UC356X406X900</LABEL>
      <EDI_STD>UC356X406X900</EDI_STD>
      <DESIGNATION>W</DESIGNATION>
      <D>531</D>
      <BF>442</BF>
      <TF>106</TF>
      <TW>65.9</TW>
      <A>114900</A>
      <I33>4.502E+09</I33>
      <Z33>2.162E+07</Z33>
      <AS3>78086.66</AS3>
      <I22>1.533E+09</I22>
      <Z22>1.071E+07</Z22>
      <AS2>34992.9</AS2>
      <J>3.735E+08</J>
      <S33POS>1.695669E+07</S33POS>
      <S33NEG>1.695669E+07</S33NEG>
      <S22POS>6936652</S22POS>
      <S22NEG>6936652</S22NEG>
      <R33>197.9442</R33>
      <R22>115.5077</R22>
  </STEEL_I_SECTION>

  <STEEL_I_SECTION>
      <LABEL>UC356X406X990</LABEL>
      <EDI_STD>UC356X406X990</EDI_STD>
      <DESIGNATION>W</DESIGNATION>
      <D>550</D>
      <BF>448</BF>
      <TF>115</TF>
      <TW>71.9</TW>
      <A>126200</A>
      <I33>5.189E+09</I33>
      <Z33>2.428E+07</Z33>
      <AS3>85866.66</AS3>
      <I22>1.734E+09</I22>
      <Z22>1.196E+07</Z22>
      <AS2>39545</AS2>
      <J>4.821E+08</J>
      <S33POS>1.886909E+07</S33POS>
      <S33NEG>1.886909E+07</S33NEG>
      <S22POS>7741072</S22POS>
      <S22NEG>7741072</S22NEG>
      <R33>202.774</R33>
      <R22>117.2182</R22>
  </STEEL_I_SECTION>

  <STEEL_I_SECTION>
      <LABEL>UC356X406X1086</LABEL>
      <EDI_STD>UC356X406X1086</EDI_STD>
      <DESIGNATION>W</DESIGNATION>
      <D>569</D>
      <BF>454</BF>
      <TF>125</TF>
      <TW>78</TW>
      <A>138600</A>
      <I33>5.957E+09</I33>
      <Z33>2.721E+07</Z33>
      <AS3>94583.34</AS3>
      <I22>1.962E+09</I22>
      <Z22>1.338E+07</Z22>
      <AS2>44382</AS2>
      <J>6.229E+08</J>
      <S33POS>2.093849E+07</S33POS>
      <S33NEG>2.093849E+07</S33NEG>
      <S22POS>8643172</S22POS>
      <S22NEG>8643172</S22NEG>
      <R33>207.3157</R33>
      <R22>118.9783</R22>
  </STEEL_I_SECTION>

  <STEEL_I_SECTION>
      <LABEL>UC356X406X1202</LABEL>
      <EDI_STD>UC356X406X1202</EDI_STD>
      <DESIGNATION>W</DESIGNATION>
      <D>580</D>
      <BF>471</BF>
      <TF>130</TF>
      <TW>95</TW>
      <A>153000</A>
      <I33>6.636E+09</I33>
      <Z33>3.002E+07</Z33>
      <AS3>102050</AS3>
      <I22>2.287E+09</I22>
      <Z22>1.515E+07</Z22>
      <AS2>55100</AS2>
      <J>7.923E+08</J>
      <S33POS>2.288276E+07</S33POS>
      <S33NEG>2.288276E+07</S33NEG>
      <S22POS>9711253</S22POS>
      <S22NEG>9711253</S22NEG>
      <R33>208.2608</R33>
      <R22>122.2608</R22>
  </STEEL_I_SECTION>

  <STEEL_I_SECTION>
      <LABEL>UC356X406X1299</LABEL>
      <EDI_STD>UC356X406X1299</EDI_STD>
      <DESIGNATION>W</DESIGNATION>
      <D>600</D>
      <BF>476</BF>
      <TF>140</TF>
      <TW>100</TW>
      <A>165000</A>
      <I33>7.546E+09</I33>
      <Z33>3.325E+07</Z33>
      <AS3>111066.7</AS3>
      <I22>2.544E+09</I22>
      <Z22>1.667E+07</Z22>
      <AS2>60000</AS2>
      <J>9.814E+08</J>
      <S33POS>2.515333E+07</S33POS>
      <S33NEG>2.515333E+07</S33NEG>
      <S22POS>1.068908E+07</S22POS>
      <S22NEG>1.068908E+07</S22NEG>
      <R33>213.8535</R33>
      <R22>124.17</R22>
  </STEEL_I_SECTION>

  <STEEL_I_SECTION>
      <LABEL>UBP254X254X85</LABEL>
      <EDI_STD>UBP254X254X85</EDI_STD>
      <DESIGNATION>W</DESIGNATION>
      <D>254.3</D>
      <BF>260.4</BF>
      <TF>14.3</TF>
      <TW>14.4</TW>
      <A>10840</A>
      <I33>1.228E+08</I33>
      <Z33>1092000</Z33>
      <AS3>6206.2</AS3>
      <I22>4.215E+07</I22>
      <Z22>498000</Z22>
      <AS2>3661.92</AS2>
      <J>878000</J>
      <S33POS>965788.4</S33POS>
      <S33NEG>965788.4</S33NEG>
      <S22POS>323732.7</S22POS>
      <S22NEG>323732.7</S22NEG>
      <R33>106.435</R33>
      <R22>62.35685</R22>
  </STEEL_I_SECTION>

  <STEEL_I_SECTION>
      <LABEL>UBP305X305X110</LABEL>
      <EDI_STD>UBP305X305X110</EDI_STD>
      <DESIGNATION>W</DESIGNATION>
      <D>307.9</D>
      <BF>310.7</BF>
      <TF>15.4</TF>
      <TW>15.3</TW>
      <A>14010</A>
      <I33>2.356E+08</I33>
      <Z33>1720000</Z33>
      <AS3>7974.633</AS3>
      <I22>7.709E+07</I22>
      <Z22>762000</Z22>
      <AS2>4710.87</AS2>
      <J>1310000</J>
      <S33POS>1530367</S33POS>
      <S33NEG>1530367</S33NEG>
      <S22POS>496234.3</S22POS>
      <S22NEG>496234.3</S22NEG>
      <R33>129.6787</R33>
      <R22>74.17883</R22>
  </STEEL_I_SECTION>

  <STEEL_I_SECTION>
      <LABEL>UBP305X305X126</LABEL>
      <EDI_STD>UBP305X305X126</EDI_STD>
      <DESIGNATION>W</DESIGNATION>
      <D>312.3</D>
      <BF>312.9</BF>
      <TF>17.6</TF>
      <TW>17.5</TW>
      <A>16060</A>
      <I33>2.741E+08</I33>
      <Z33>1986000</Z33>
      <AS3>9178.4</AS3>
      <I22>9.002E+07</I22>
      <Z22>885000</Z22>
      <AS2>5465.25</AS2>
      <J>1940000</J>
      <S33POS>1755364</S33POS>
      <S33NEG>1755364</S33NEG>
      <S22POS>575391.5</S22POS>
      <S22NEG>575391.5</S22NEG>
      <R33>130.6417</R33>
      <R22>74.86809</R22>
  </STEEL_I_SECTION>

  <STEEL_I_SECTION>
      <LABEL>UBP305X305X149</LABEL>
      <EDI_STD>UBP305X305X149</EDI_STD>
      <DESIGNATION>W</DESIGNATION>
      <D>318.5</D>
      <BF>316</BF>
      <TF>20.7</TF>
      <TW>20.6</TW>
      <A>18990</A>
      <I33>3.307E+08</I33>
      <Z33>2370000</Z33>
      <AS3>10902</AS3>
      <I22>1.091E+08</I22>
      <Z22>1066000</Z22>
      <AS2>6561.1</AS2>
      <J>3140000</J>
      <S33POS>2076609</S33POS>
      <S33NEG>2076609</S33NEG>
      <S22POS>690506.3</S22POS>
      <S22NEG>690506.3</S22NEG>
      <R33>131.9637</R33>
      <R22>75.79663</R22>
  </STEEL_I_SECTION>

  <STEEL_I_SECTION>
      <LABEL>UBP305X305X186</LABEL>
      <EDI_STD>UBP305X305X186</EDI_STD>
      <DESIGNATION>W</DESIGNATION>
      <D>328.3</D>
      <BF>320.9</BF>
      <TF>25.6</TF>
      <TW>25.5</TW>
      <A>23690</A>
      <I33>4.261E+08</I33>
      <Z33>3003000</Z33>
      <AS3>13691.73</AS3>
      <I22>1.414E+08</I22>
      <Z22>1366000</Z22>
      <AS2>8371.65</AS2>
      <J>5940000</J>
      <S33POS>2595797</S33POS>
      <S33NEG>2595797</S33NEG>
      <S22POS>881271.4</S22POS>
      <S22NEG>881271.4</S22NEG>
      <R33>134.1137</R33>
      <R22>77.25777</R22>
  </STEEL_I_SECTION>

  <STEEL_I_SECTION>
      <LABEL>UBP305X305X223</LABEL>
      <EDI_STD>UBP305X305X223</EDI_STD>
      <DESIGNATION>W</DESIGNATION>
      <D>337.9</D>
      <BF>325.7</BF>
      <TF>30.4</TF>
      <TW>30.3</TW>
      <A>28400</A>
      <I33>5.27E+08</I33>
      <Z33>3653000</Z33>
      <AS3>16502.13</AS3>
      <I22>1.758E+08</I22>
      <Z22>1680000</Z22>
      <AS2>10238.37</AS2>
      <J>9980000</J>
      <S33POS>3119266</S33POS>
      <S33NEG>3119266</S33NEG>
      <S22POS>1079521</S22POS>
      <S22NEG>1079521</S22NEG>
      <R33>136.2216</R33>
      <R22>78.67744</R22>
  </STEEL_I_SECTION>

  <STEEL_I_SECTION>
      <LABEL>UBP356X368X109</LABEL>
      <EDI_STD>UBP356X368X109</EDI_STD>
      <DESIGNATION>W</DESIGNATION>
      <D>346.4</D>
      <BF>371</BF>
      <TF>12.9</TF>
      <TW>12.8</TW>
      <A>13870</A>
      <I33>3.063E+08</I33>
      <Z33>1956000</Z33>
      <AS3>7976.5</AS3>
      <I22>1.099E+08</I22>
      <Z22>903000</Z22>
      <AS2>4433.92</AS2>
      <J>907000</J>
      <S33POS>1768476</S33POS>
      <S33NEG>1768476</S33NEG>
      <S22POS>592452.8</S22POS>
      <S22NEG>592452.8</S22NEG>
      <R33>148.6056</R33>
      <R22>89.01447</R22>
  </STEEL_I_SECTION>

  <STEEL_I_SECTION>
      <LABEL>UBP356X368X133</LABEL>
      <EDI_STD>UBP356X368X133</EDI_STD>
      <DESIGNATION>W</DESIGNATION>
      <D>352</D>
      <BF>373.8</BF>
      <TF>15.7</TF>
      <TW>15.6</TW>
      <A>16940</A>
      <I33>3.798E+08</I33>
      <Z33>2406000</Z33>
      <AS3>9781.1</AS3>
      <I22>1.368E+08</I22>
      <Z22>1119000</Z22>
      <AS2>5491.2</AS2>
      <J>1610000</J>
      <S33POS>2157955</S33POS>
      <S33NEG>2157955</S33NEG>
      <S22POS>731942.3</S22POS>
      <S22NEG>731942.3</S22NEG>
      <R33>149.7341</R33>
      <R22>89.86412</R22>
  </STEEL_I_SECTION>

  <STEEL_I_SECTION>
      <LABEL>UBP356X368X152</LABEL>
      <EDI_STD>UBP356X368X152</EDI_STD>
      <DESIGNATION>W</DESIGNATION>
      <D>356.4</D>
      <BF>376</BF>
      <TF>17.9</TF>
      <TW>17.8</TW>
      <A>19370</A>
      <I33>4.397E+08</I33>
      <Z33>2767000</Z33>
      <AS3>11217.33</AS3>
      <I22>1.588E+08</I22>
      <Z22>1293000</Z22>
      <AS2>6343.92</AS2>
      <J>2360000</J>
      <S33POS>2467452</S33POS>
      <S33NEG>2467452</S33NEG>
      <S22POS>844680.9</S22POS>
      <S22NEG>844680.9</S22NEG>
      <R33>150.6654</R33>
      <R22>90.54416</R22>
  </STEEL_I_SECTION>

  <STEEL_I_SECTION>
      <LABEL>UBP356X368X174</LABEL>
      <EDI_STD>UBP356X368X174</EDI_STD>
      <DESIGNATION>W</DESIGNATION>
      <D>361.4</D>
      <BF>378.5</BF>
      <TF>20.4</TF>
      <TW>20.3</TW>
      <A>22150</A>
      <I33>5.101E+08</I33>
      <Z33>3186000</Z33>
      <AS3>12869</AS3>
      <I22>1.846E+08</I22>
      <Z22>1497000</Z22>
      <AS2>7336.42</AS2>
      <J>3490000</J>
      <S33POS>2822911</S33POS>
      <S33NEG>2822911</S33NEG>
      <S22POS>975429.3</S22POS>
      <S22NEG>975429.3</S22NEG>
      <R33>151.7542</R33>
      <R22>91.29121</R22>
  </STEEL_I_SECTION>

  <GENERAL>
      <LABEL>GEN1</LABEL>
      <EDI_STD>GEN1</EDI_STD>
      <DESIGNATION>G</DESIGNATION>
      <D>1</D>
      <B>1</B>
      <A>1</A>
      <I33>1</I33>
      <Z33>1</Z33>
      <AS3>1</AS3>
      <I22>1</I22>
      <Z22>1</Z22>
      <AS2>1</AS2>
      <J>1</J>
  </GENERAL>

</PROPERTY_FILE>
