<?xml version="1.0" encoding="utf-8" ?>

<PROPERTY_FILE xmlns="http://www.csiamerica.com"
 xmlns:xsi="http://www.w3.org/2001/XMLSchema-instance"
 xsi:schemaLocation="http://www.csiamerica.com CSIExtendedSectionPropertyFile.xsd">

  <CONTROL>
      <FILE_ID>CSI Frame Properties</FILE_ID>
      <VERSION>1</VERSION>
      <DESCRIPTION>ArcelorMittal_EuropeHISTAR</DESCRIPTION>
      <LENGTH_UNITS>mm</LENGTH_UNITS>
  </CONTROL>

  <STEEL_I_SECTION>
      <LABEL>IPE550</LABEL>
      <EDI_STD>IPE550</EDI_STD>
      <DESIGNATION>W</DESIGNATION>
      <D>550</D>
      <BF>210</BF>
      <TF>17.2</TF>
      <TW>11.1</TW>
      <A>13400</A>
      <I33>6.712E+08</I33>
      <Z33>2787000</Z33>
      <AS3>6020</AS3>
      <I22>2.668E+07</I22>
      <Z22>400500</Z22>
      <AS2>6105</AS2>
      <J>1232000</J>
      <S33POS>2440727</S33POS>
      <S33NEG>2440727</S33NEG>
      <S22POS>254095.2</S22POS>
      <S22NEG>254095.2</S22NEG>
      <R33>223.8069</R33>
      <R22>44.62112</R22>
  </STEEL_I_SECTION>

  <STEEL_I_SECTION>
      <LABEL>IPEO550</LABEL>
      <EDI_STD>IPEO550</EDI_STD>
      <DESIGNATION>W</DESIGNATION>
      <D>556</D>
      <BF>212</BF>
      <TF>20.2</TF>
      <TW>12.7</TW>
      <A>15600</A>
      <I33>7.916E+08</I33>
      <Z33>3263000</Z33>
      <AS3>7137.333</AS3>
      <I22>3.224E+07</I22>
      <Z22>480500</Z22>
      <AS2>7061.2</AS2>
      <J>1875000</J>
      <S33POS>2847482</S33POS>
      <S33NEG>2847482</S33NEG>
      <S22POS>304150.9</S22POS>
      <S22NEG>304150.9</S22NEG>
      <R33>225.2634</R33>
      <R22>45.46061</R22>
  </STEEL_I_SECTION>

  <STEEL_I_SECTION>
      <LABEL>IPE600</LABEL>
      <EDI_STD>IPE600</EDI_STD>
      <DESIGNATION>W</DESIGNATION>
      <D>600</D>
      <BF>220</BF>
      <TF>19</TF>
      <TW>12</TW>
      <A>15600</A>
      <I33>9.208E+08</I33>
      <Z33>3512000</Z33>
      <AS3>6966.667</AS3>
      <I22>3.387E+07</I22>
      <Z22>485600</Z22>
      <AS2>7200</AS2>
      <J>1654000</J>
      <S33POS>3069333</S33POS>
      <S33NEG>3069333</S33NEG>
      <S22POS>307909.1</S22POS>
      <S22NEG>307909.1</S22NEG>
      <R33>242.9519</R33>
      <R22>46.59564</R22>
  </STEEL_I_SECTION>

  <STEEL_I_SECTION>
      <LABEL>IPEO600</LABEL>
      <EDI_STD>IPEO600</EDI_STD>
      <DESIGNATION>W</DESIGNATION>
      <D>610</D>
      <BF>224</BF>
      <TF>24</TF>
      <TW>15</TW>
      <A>19700</A>
      <I33>1.183E+09</I33>
      <Z33>4471000</Z33>
      <AS3>8960</AS3>
      <I22>4.521E+07</I22>
      <Z22>640100</Z22>
      <AS2>9150</AS2>
      <J>3181000</J>
      <S33POS>3878689</S33POS>
      <S33NEG>3878689</S33NEG>
      <S22POS>403660.7</S22POS>
      <S22NEG>403660.7</S22NEG>
      <R33>245.0526</R33>
      <R22>47.90536</R22>
  </STEEL_I_SECTION>

  <STEEL_I_SECTION>
      <LABEL>IPE750X173</LABEL>
      <EDI_STD>IPE750X173</EDI_STD>
      <DESIGNATION>W</DESIGNATION>
      <D>762</D>
      <BF>267</BF>
      <TF>21.6</TF>
      <TW>14.4</TW>
      <A>22100</A>
      <I33>2.058E+09</I33>
      <Z33>6218000</Z33>
      <AS3>9612</AS3>
      <I22>6.873E+07</I22>
      <Z22>809900</Z22>
      <AS2>10972.8</AS2>
      <J>2736000</J>
      <S33POS>5401575</S33POS>
      <S33NEG>5401575</S33NEG>
      <S22POS>514831.5</S22POS>
      <S22NEG>514831.5</S22NEG>
      <R33>305.1593</R33>
      <R22>55.76697</R22>
  </STEEL_I_SECTION>

  <STEEL_I_SECTION>
      <LABEL>IPE750X196</LABEL>
      <EDI_STD>IPE750X196</EDI_STD>
      <DESIGNATION>W</DESIGNATION>
      <D>770</D>
      <BF>268</BF>
      <TF>25.4</TF>
      <TW>15.6</TW>
      <A>25100</A>
      <I33>2.403E+09</I33>
      <Z33>7174000</Z33>
      <AS3>11345.33</AS3>
      <I22>8.175E+07</I22>
      <Z22>958800</Z22>
      <AS2>12012</AS2>
      <J>4089000</J>
      <S33POS>6241559</S33POS>
      <S33NEG>6241559</S33NEG>
      <S22POS>610074.6</S22POS>
      <S22NEG>610074.6</S22NEG>
      <R33>309.4141</R33>
      <R22>57.06989</R22>
  </STEEL_I_SECTION>

  <STEEL_I_SECTION>
      <LABEL>HE260A</LABEL>
      <EDI_STD>HE260A</EDI_STD>
      <DESIGNATION>W</DESIGNATION>
      <D>250</D>
      <BF>260</BF>
      <TF>12.5</TF>
      <TW>7.5</TW>
      <A>8680</A>
      <I33>1.045E+08</I33>
      <Z33>920000</Z33>
      <AS3>5416.667</AS3>
      <I22>3.668E+07</I22>
      <Z22>430000</Z22>
      <AS2>1875</AS2>
      <J>524000</J>
      <S33POS>836000</S33POS>
      <S33NEG>836000</S33NEG>
      <S22POS>282153.8</S22POS>
      <S22NEG>282153.8</S22NEG>
      <R33>109.7232</R33>
      <R22>65.0062</R22>
  </STEEL_I_SECTION>

  <STEEL_I_SECTION>
      <LABEL>HE260B</LABEL>
      <EDI_STD>HE260B</EDI_STD>
      <DESIGNATION>W</DESIGNATION>
      <D>260</D>
      <BF>260</BF>
      <TF>17.5</TF>
      <TW>10</TW>
      <A>11840</A>
      <I33>1.492E+08</I33>
      <Z33>1283000</Z33>
      <AS3>7583.333</AS3>
      <I22>5.135E+07</I22>
      <Z22>602000</Z22>
      <AS2>2600</AS2>
      <J>1240000</J>
      <S33POS>1147692</S33POS>
      <S33NEG>1147692</S33NEG>
      <S22POS>395000</S22POS>
      <S22NEG>395000</S22NEG>
      <R33>112.2557</R33>
      <R22>65.85585</R22>
  </STEEL_I_SECTION>

  <STEEL_I_SECTION>
      <LABEL>HE260M</LABEL>
      <EDI_STD>HE260M</EDI_STD>
      <DESIGNATION>W</DESIGNATION>
      <D>290</D>
      <BF>268</BF>
      <TF>32.5</TF>
      <TW>18</TW>
      <A>21960</A>
      <I33>3.131E+08</I33>
      <Z33>2524000</Z33>
      <AS3>14516.67</AS3>
      <I22>1.045E+08</I22>
      <Z22>1192000</Z22>
      <AS2>5220</AS2>
      <J>7190000</J>
      <S33POS>2159310</S33POS>
      <S33NEG>2159310</S33NEG>
      <S22POS>779850.8</S22POS>
      <S22NEG>779850.8</S22NEG>
      <R33>119.4058</R33>
      <R22>68.98299</R22>
  </STEEL_I_SECTION>

  <STEEL_I_SECTION>
      <LABEL>HE280A</LABEL>
      <EDI_STD>HE280A</EDI_STD>
      <DESIGNATION>W</DESIGNATION>
      <D>270</D>
      <BF>280</BF>
      <TF>13</TF>
      <TW>8</TW>
      <A>9730</A>
      <I33>1.367E+08</I33>
      <Z33>1112000</Z33>
      <AS3>6066.667</AS3>
      <I22>4.763E+07</I22>
      <Z22>518000</Z22>
      <AS2>2160</AS2>
      <J>621000</J>
      <S33POS>1012593</S33POS>
      <S33NEG>1012593</S33NEG>
      <S22POS>340214.3</S22POS>
      <S22NEG>340214.3</S22NEG>
      <R33>118.5299</R33>
      <R22>69.96549</R22>
  </STEEL_I_SECTION>

  <STEEL_I_SECTION>
      <LABEL>HE280B</LABEL>
      <EDI_STD>HE280B</EDI_STD>
      <DESIGNATION>W</DESIGNATION>
      <D>280</D>
      <BF>280</BF>
      <TF>18</TF>
      <TW>10.5</TW>
      <A>13140</A>
      <I33>1.927E+08</I33>
      <Z33>1534000</Z33>
      <AS3>8400</AS3>
      <I22>6.595E+07</I22>
      <Z22>718000</Z22>
      <AS2>2940</AS2>
      <J>1440000</J>
      <S33POS>1376429</S33POS>
      <S33NEG>1376429</S33NEG>
      <S22POS>471071.4</S22POS>
      <S22NEG>471071.4</S22NEG>
      <R33>121.0997</R33>
      <R22>70.84509</R22>
  </STEEL_I_SECTION>

  <STEEL_I_SECTION>
      <LABEL>HE280M</LABEL>
      <EDI_STD>HE280M</EDI_STD>
      <DESIGNATION>W</DESIGNATION>
      <D>310</D>
      <BF>288</BF>
      <TF>33</TF>
      <TW>18.5</TW>
      <A>24020</A>
      <I33>3.955E+08</I33>
      <Z33>2966000</Z33>
      <AS3>15840</AS3>
      <I22>1.316E+08</I22>
      <Z22>1397000</Z22>
      <AS2>5735</AS2>
      <J>8070000</J>
      <S33POS>2551613</S33POS>
      <S33NEG>2551613</S33NEG>
      <S22POS>913888.9</S22POS>
      <S22NEG>913888.9</S22NEG>
      <R33>128.3177</R33>
      <R22>74.0187</R22>
  </STEEL_I_SECTION>

  <STEEL_I_SECTION>
      <LABEL>HE300A</LABEL>
      <EDI_STD>HE300A</EDI_STD>
      <DESIGNATION>W</DESIGNATION>
      <D>290</D>
      <BF>300</BF>
      <TF>14</TF>
      <TW>8.5</TW>
      <A>11250</A>
      <I33>1.826E+08</I33>
      <Z33>1383000</Z33>
      <AS3>7000</AS3>
      <I22>6.31E+07</I22>
      <Z22>641000</Z22>
      <AS2>2465</AS2>
      <J>852000</J>
      <S33POS>1259310</S33POS>
      <S33NEG>1259310</S33NEG>
      <S22POS>420666.7</S22POS>
      <S22NEG>420666.7</S22NEG>
      <R33>127.4014</R33>
      <R22>74.89252</R22>
  </STEEL_I_SECTION>

  <STEEL_I_SECTION>
      <LABEL>HE300B</LABEL>
      <EDI_STD>HE300B</EDI_STD>
      <DESIGNATION>W</DESIGNATION>
      <D>300</D>
      <BF>300</BF>
      <TF>19</TF>
      <TW>11</TW>
      <A>14910</A>
      <I33>2.517E+08</I33>
      <Z33>1869000</Z33>
      <AS3>9500</AS3>
      <I22>8.563E+07</I22>
      <Z22>870000</Z22>
      <AS2>3300</AS2>
      <J>1850000</J>
      <S33POS>1678000</S33POS>
      <S33NEG>1678000</S33NEG>
      <S22POS>570866.7</S22POS>
      <S22NEG>570866.7</S22NEG>
      <R33>129.928</R33>
      <R22>75.78341</R22>
  </STEEL_I_SECTION>

  <STEEL_I_SECTION>
      <LABEL>HE300M</LABEL>
      <EDI_STD>HE300M</EDI_STD>
      <DESIGNATION>W</DESIGNATION>
      <D>340</D>
      <BF>310</BF>
      <TF>39</TF>
      <TW>21</TW>
      <A>30310</A>
      <I33>5.92E+08</I33>
      <Z33>4078000</Z33>
      <AS3>20150</AS3>
      <I22>1.94E+08</I22>
      <Z22>1913000</Z22>
      <AS2>7140</AS2>
      <J>1.408E+07</J>
      <S33POS>3482353</S33POS>
      <S33NEG>3482353</S33NEG>
      <S22POS>1251613</S22POS>
      <S22NEG>1251613</S22NEG>
      <R33>139.7552</R33>
      <R22>80.0033</R22>
  </STEEL_I_SECTION>

  <STEEL_I_SECTION>
      <LABEL>HE320A</LABEL>
      <EDI_STD>HE320A</EDI_STD>
      <DESIGNATION>W</DESIGNATION>
      <D>310</D>
      <BF>300</BF>
      <TF>15.5</TF>
      <TW>9</TW>
      <A>12440</A>
      <I33>2.293E+08</I33>
      <Z33>1628000</Z33>
      <AS3>7750</AS3>
      <I22>6.985E+07</I22>
      <Z22>710000</Z22>
      <AS2>2790</AS2>
      <J>1080000</J>
      <S33POS>1479355</S33POS>
      <S33NEG>1479355</S33NEG>
      <S22POS>465666.7</S22POS>
      <S22NEG>465666.7</S22NEG>
      <R33>135.7663</R33>
      <R22>74.93298</R22>
  </STEEL_I_SECTION>

  <STEEL_I_SECTION>
      <LABEL>HE320B</LABEL>
      <EDI_STD>HE320B</EDI_STD>
      <DESIGNATION>W</DESIGNATION>
      <D>320</D>
      <BF>300</BF>
      <TF>20.5</TF>
      <TW>11.5</TW>
      <A>16130</A>
      <I33>3.082E+08</I33>
      <Z33>2149000</Z33>
      <AS3>10250</AS3>
      <I22>9.239E+07</I22>
      <Z22>939000</Z22>
      <AS2>3680</AS2>
      <J>2250000</J>
      <S33POS>1926250</S33POS>
      <S33NEG>1926250</S33NEG>
      <S22POS>615933.3</S22POS>
      <S22NEG>615933.3</S22NEG>
      <R33>138.229</R33>
      <R22>75.68247</R22>
  </STEEL_I_SECTION>

  <STEEL_I_SECTION>
      <LABEL>HE320M</LABEL>
      <EDI_STD>HE320M</EDI_STD>
      <DESIGNATION>W</DESIGNATION>
      <D>359</D>
      <BF>309</BF>
      <TF>40</TF>
      <TW>21</TW>
      <A>31200</A>
      <I33>6.813E+08</I33>
      <Z33>4435000</Z33>
      <AS3>20600</AS3>
      <I22>1.971E+08</I22>
      <Z22>1951000</Z22>
      <AS2>7539</AS2>
      <J>1.501E+07</J>
      <S33POS>3795543</S33POS>
      <S33NEG>3795543</S33NEG>
      <S22POS>1275728</S22POS>
      <S22NEG>1275728</S22NEG>
      <R33>147.7719</R33>
      <R22>79.48149</R22>
  </STEEL_I_SECTION>

  <STEEL_I_SECTION>
      <LABEL>HE340A</LABEL>
      <EDI_STD>HE340A</EDI_STD>
      <DESIGNATION>W</DESIGNATION>
      <D>330</D>
      <BF>300</BF>
      <TF>16.5</TF>
      <TW>9.5</TW>
      <A>13350</A>
      <I33>2.769E+08</I33>
      <Z33>1850000</Z33>
      <AS3>8250</AS3>
      <I22>7.436E+07</I22>
      <Z22>756000</Z22>
      <AS2>3135</AS2>
      <J>1270000</J>
      <S33POS>1678182</S33POS>
      <S33NEG>1678182</S33NEG>
      <S22POS>495733.3</S22POS>
      <S22NEG>495733.3</S22NEG>
      <R33>144.0193</R33>
      <R22>74.63268</R22>
  </STEEL_I_SECTION>

  <STEEL_I_SECTION>
      <LABEL>HE340B</LABEL>
      <EDI_STD>HE340B</EDI_STD>
      <DESIGNATION>W</DESIGNATION>
      <D>340</D>
      <BF>300</BF>
      <TF>21.5</TF>
      <TW>12</TW>
      <A>17090</A>
      <I33>3.666E+08</I33>
      <Z33>2408000</Z33>
      <AS3>10750</AS3>
      <I22>9.69E+07</I22>
      <Z22>986000</Z22>
      <AS2>4080</AS2>
      <J>2570000</J>
      <S33POS>2156471</S33POS>
      <S33NEG>2156471</S33NEG>
      <S22POS>646000</S22POS>
      <S22NEG>646000</S22NEG>
      <R33>146.4621</R33>
      <R22>75.29929</R22>
  </STEEL_I_SECTION>

  <STEEL_I_SECTION>
      <LABEL>HE340M</LABEL>
      <EDI_STD>HE340M</EDI_STD>
      <DESIGNATION>W</DESIGNATION>
      <D>377</D>
      <BF>309</BF>
      <TF>40</TF>
      <TW>21</TW>
      <A>31580</A>
      <I33>7.637E+08</I33>
      <Z33>4718000</Z33>
      <AS3>20600</AS3>
      <I22>1.971E+08</I22>
      <Z22>1953000</Z22>
      <AS2>7917</AS2>
      <J>1.506E+07</J>
      <S33POS>4051459</S33POS>
      <S33NEG>4051459</S33NEG>
      <S22POS>1275728</S22POS>
      <S22NEG>1275728</S22NEG>
      <R33>155.5089</R33>
      <R22>79.00185</R22>
  </STEEL_I_SECTION>

  <STEEL_I_SECTION>
      <LABEL>HE360A</LABEL>
      <EDI_STD>HE360A</EDI_STD>
      <DESIGNATION>W</DESIGNATION>
      <D>350</D>
      <BF>300</BF>
      <TF>17.5</TF>
      <TW>10</TW>
      <A>14280</A>
      <I33>3.309E+08</I33>
      <Z33>2088000</Z33>
      <AS3>8750</AS3>
      <I22>7.887E+07</I22>
      <Z22>802000</Z22>
      <AS2>3500</AS2>
      <J>1490000</J>
      <S33POS>1890857</S33POS>
      <S33NEG>1890857</S33NEG>
      <S22POS>525800</S22POS>
      <S22NEG>525800</S22NEG>
      <R33>152.2244</R33>
      <R22>74.31763</R22>
  </STEEL_I_SECTION>

  <STEEL_I_SECTION>
      <LABEL>HE360B</LABEL>
      <EDI_STD>HE360B</EDI_STD>
      <DESIGNATION>W</DESIGNATION>
      <D>360</D>
      <BF>300</BF>
      <TF>22.5</TF>
      <TW>12.5</TW>
      <A>18060</A>
      <I33>4.319E+08</I33>
      <Z33>2683000</Z33>
      <AS3>11250</AS3>
      <I22>1.014E+08</I22>
      <Z22>1032000</Z22>
      <AS2>4500</AS2>
      <J>2930000</J>
      <S33POS>2399445</S33POS>
      <S33NEG>2399445</S33NEG>
      <S22POS>676000</S22POS>
      <S22NEG>676000</S22NEG>
      <R33>154.6439</R33>
      <R22>74.93076</R22>
  </STEEL_I_SECTION>

  <STEEL_I_SECTION>
      <LABEL>HE360M</LABEL>
      <EDI_STD>HE360M</EDI_STD>
      <DESIGNATION>W</DESIGNATION>
      <D>395</D>
      <BF>308</BF>
      <TF>40</TF>
      <TW>21</TW>
      <A>31880</A>
      <I33>8.487E+08</I33>
      <Z33>4989000</Z33>
      <AS3>20533.33</AS3>
      <I22>1.952E+08</I22>
      <Z22>1942000</Z22>
      <AS2>8295</AS2>
      <J>1.507E+07</J>
      <S33POS>4297216</S33POS>
      <S33NEG>4297216</S33NEG>
      <S22POS>1267533</S22POS>
      <S22NEG>1267533</S22NEG>
      <R33>163.1616</R33>
      <R22>78.24935</R22>
  </STEEL_I_SECTION>

  <STEEL_I_SECTION>
      <LABEL>HE400A</LABEL>
      <EDI_STD>HE400A</EDI_STD>
      <DESIGNATION>W</DESIGNATION>
      <D>390</D>
      <BF>300</BF>
      <TF>19</TF>
      <TW>11</TW>
      <A>15900</A>
      <I33>4.507E+08</I33>
      <Z33>2562000</Z33>
      <AS3>9500</AS3>
      <I22>8.564E+07</I22>
      <Z22>873000</Z22>
      <AS2>4290</AS2>
      <J>1890000</J>
      <S33POS>2311282</S33POS>
      <S33NEG>2311282</S33NEG>
      <S22POS>570933.3</S22POS>
      <S22NEG>570933.3</S22NEG>
      <R33>168.3624</R33>
      <R22>73.39049</R22>
  </STEEL_I_SECTION>

  <STEEL_I_SECTION>
      <LABEL>HE400B</LABEL>
      <EDI_STD>HE400B</EDI_STD>
      <DESIGNATION>W</DESIGNATION>
      <D>400</D>
      <BF>300</BF>
      <TF>24</TF>
      <TW>13.5</TW>
      <A>19780</A>
      <I33>5.768E+08</I33>
      <Z33>3232000</Z33>
      <AS3>12000</AS3>
      <I22>1.082E+08</I22>
      <Z22>1104000</Z22>
      <AS2>5400</AS2>
      <J>3560000</J>
      <S33POS>2884000</S33POS>
      <S33NEG>2884000</S33NEG>
      <S22POS>721333.3</S22POS>
      <S22NEG>721333.3</S22NEG>
      <R33>170.7652</R33>
      <R22>73.96061</R22>
  </STEEL_I_SECTION>

  <STEEL_I_SECTION>
      <LABEL>HE400M</LABEL>
      <EDI_STD>HE400M</EDI_STD>
      <DESIGNATION>W</DESIGNATION>
      <D>432</D>
      <BF>307</BF>
      <TF>40</TF>
      <TW>21</TW>
      <A>32580</A>
      <I33>1.041E+09</I33>
      <Z33>5571000</Z33>
      <AS3>20466.67</AS3>
      <I22>1.934E+08</I22>
      <Z22>1934000</Z22>
      <AS2>9072</AS2>
      <J>1.515E+07</J>
      <S33POS>4819445</S33POS>
      <S33NEG>4819445</S33NEG>
      <S22POS>1259935</S22POS>
      <S22NEG>1259935</S22NEG>
      <R33>178.7516</R33>
      <R22>77.04646</R22>
  </STEEL_I_SECTION>

  <STEEL_I_SECTION>
      <LABEL>HE450A</LABEL>
      <EDI_STD>HE450A</EDI_STD>
      <DESIGNATION>W</DESIGNATION>
      <D>440</D>
      <BF>300</BF>
      <TF>21</TF>
      <TW>11.5</TW>
      <A>17800</A>
      <I33>6.372E+08</I33>
      <Z33>3216000</Z33>
      <AS3>10500</AS3>
      <I22>9.465E+07</I22>
      <Z22>966000</Z22>
      <AS2>5060</AS2>
      <J>2440000</J>
      <S33POS>2896364</S33POS>
      <S33NEG>2896364</S33NEG>
      <S22POS>631000</S22POS>
      <S22NEG>631000</S22NEG>
      <R33>189.2029</R33>
      <R22>72.92062</R22>
  </STEEL_I_SECTION>

  <STEEL_I_SECTION>
      <LABEL>HE450B</LABEL>
      <EDI_STD>HE450B</EDI_STD>
      <DESIGNATION>W</DESIGNATION>
      <D>450</D>
      <BF>300</BF>
      <TF>26</TF>
      <TW>14</TW>
      <A>21800</A>
      <I33>7.989E+08</I33>
      <Z33>3982000</Z33>
      <AS3>13000</AS3>
      <I22>1.172E+08</I22>
      <Z22>1198000</Z22>
      <AS2>6300</AS2>
      <J>4410000</J>
      <S33POS>3550667</S33POS>
      <S33NEG>3550667</S33NEG>
      <S22POS>781333.3</S22POS>
      <S22NEG>781333.3</S22NEG>
      <R33>191.4335</R33>
      <R22>73.32221</R22>
  </STEEL_I_SECTION>

  <STEEL_I_SECTION>
      <LABEL>HE450M</LABEL>
      <EDI_STD>HE450M</EDI_STD>
      <DESIGNATION>W</DESIGNATION>
      <D>478</D>
      <BF>307</BF>
      <TF>40</TF>
      <TW>21</TW>
      <A>33540</A>
      <I33>1.315E+09</I33>
      <Z33>6331000</Z33>
      <AS3>20466.67</AS3>
      <I22>1.934E+08</I22>
      <Z22>1939000</Z22>
      <AS2>10038</AS2>
      <J>1.529E+07</J>
      <S33POS>5502093</S33POS>
      <S33NEG>5502093</S33NEG>
      <S22POS>1259935</S22POS>
      <S22NEG>1259935</S22NEG>
      <R33>198.0074</R33>
      <R22>75.93582</R22>
  </STEEL_I_SECTION>

  <STEEL_I_SECTION>
      <LABEL>HE500A</LABEL>
      <EDI_STD>HE500A</EDI_STD>
      <DESIGNATION>W</DESIGNATION>
      <D>490</D>
      <BF>300</BF>
      <TF>23</TF>
      <TW>12</TW>
      <A>19750</A>
      <I33>8.697E+08</I33>
      <Z33>3949000</Z33>
      <AS3>11500</AS3>
      <I22>1.037E+08</I22>
      <Z22>1059000</Z22>
      <AS2>5880</AS2>
      <J>3090000</J>
      <S33POS>3549796</S33POS>
      <S33NEG>3549796</S33NEG>
      <S22POS>691333.3</S22POS>
      <S22NEG>691333.3</S22NEG>
      <R33>209.8462</R33>
      <R22>72.46125</R22>
  </STEEL_I_SECTION>

  <STEEL_I_SECTION>
      <LABEL>HE500B</LABEL>
      <EDI_STD>HE500B</EDI_STD>
      <DESIGNATION>W</DESIGNATION>
      <D>500</D>
      <BF>300</BF>
      <TF>28</TF>
      <TW>14.5</TW>
      <A>23860</A>
      <I33>1.072E+09</I33>
      <Z33>4815000</Z33>
      <AS3>14000</AS3>
      <I22>1.262E+08</I22>
      <Z22>1292000</Z22>
      <AS2>7250</AS2>
      <J>5380000</J>
      <S33POS>4288000</S33POS>
      <S33NEG>4288000</S33NEG>
      <S22POS>841333.3</S22POS>
      <S22NEG>841333.3</S22NEG>
      <R33>211.964</R33>
      <R22>72.7268</R22>
  </STEEL_I_SECTION>

  <STEEL_I_SECTION>
      <LABEL>HE500M</LABEL>
      <EDI_STD>HE500M</EDI_STD>
      <DESIGNATION>W</DESIGNATION>
      <D>524</D>
      <BF>306</BF>
      <TF>40</TF>
      <TW>21</TW>
      <A>34430</A>
      <I33>1.619E+09</I33>
      <Z33>7094000</Z33>
      <AS3>20400</AS3>
      <I22>1.915E+08</I22>
      <Z22>1932000</Z22>
      <AS2>11004</AS2>
      <J>1.539E+07</J>
      <S33POS>6179390</S33POS>
      <S33NEG>6179390</S33NEG>
      <S22POS>1251634</S22POS>
      <S22NEG>1251634</S22NEG>
      <R33>216.8477</R33>
      <R22>74.57888</R22>
  </STEEL_I_SECTION>

  <STEEL_I_SECTION>
      <LABEL>HE550A</LABEL>
      <EDI_STD>HE550A</EDI_STD>
      <DESIGNATION>W</DESIGNATION>
      <D>540</D>
      <BF>300</BF>
      <TF>24</TF>
      <TW>12.5</TW>
      <A>21180</A>
      <I33>1.119E+09</I33>
      <Z33>4622000</Z33>
      <AS3>12000</AS3>
      <I22>1.082E+08</I22>
      <Z22>1107000</Z22>
      <AS2>6750</AS2>
      <J>3520000</J>
      <S33POS>4144445</S33POS>
      <S33NEG>4144445</S33NEG>
      <S22POS>721333.3</S22POS>
      <S22NEG>721333.3</S22NEG>
      <R33>229.854</R33>
      <R22>71.47442</R22>
  </STEEL_I_SECTION>

  <STEEL_I_SECTION>
      <LABEL>HE550B</LABEL>
      <EDI_STD>HE550B</EDI_STD>
      <DESIGNATION>W</DESIGNATION>
      <D>550</D>
      <BF>300</BF>
      <TF>29</TF>
      <TW>15</TW>
      <A>25410</A>
      <I33>1.367E+09</I33>
      <Z33>5591000</Z33>
      <AS3>14500</AS3>
      <I22>1.308E+08</I22>
      <Z22>1341000</Z22>
      <AS2>8250</AS2>
      <J>6000000</J>
      <S33POS>4970910</S33POS>
      <S33NEG>4970910</S33NEG>
      <S22POS>872000</S22POS>
      <S22NEG>872000</S22NEG>
      <R33>231.9434</R33>
      <R22>71.74664</R22>
  </STEEL_I_SECTION>

  <STEEL_I_SECTION>
      <LABEL>HE550M</LABEL>
      <EDI_STD>HE550M</EDI_STD>
      <DESIGNATION>W</DESIGNATION>
      <D>572</D>
      <BF>306</BF>
      <TF>40</TF>
      <TW>21</TW>
      <A>35440</A>
      <I33>1.98E+09</I33>
      <Z33>7933000</Z33>
      <AS3>20400</AS3>
      <I22>1.916E+08</I22>
      <Z22>1937000</Z22>
      <AS2>12012</AS2>
      <J>1.554E+07</J>
      <S33POS>6923077</S33POS>
      <S33NEG>6923077</S33NEG>
      <S22POS>1252288</S22POS>
      <S22NEG>1252288</S22NEG>
      <R33>236.3664</R33>
      <R22>73.52769</R22>
  </STEEL_I_SECTION>

  <STEEL_I_SECTION>
      <LABEL>HE600A</LABEL>
      <EDI_STD>HE600A</EDI_STD>
      <DESIGNATION>W</DESIGNATION>
      <D>590</D>
      <BF>300</BF>
      <TF>25</TF>
      <TW>13</TW>
      <A>22650</A>
      <I33>1.412E+09</I33>
      <Z33>5350000</Z33>
      <AS3>12500</AS3>
      <I22>1.127E+08</I22>
      <Z22>1156000</Z22>
      <AS2>7670</AS2>
      <J>3980000</J>
      <S33POS>4786441</S33POS>
      <S33NEG>4786441</S33NEG>
      <S22POS>751333.3</S22POS>
      <S22NEG>751333.3</S22NEG>
      <R33>249.6797</R33>
      <R22>70.53876</R22>
  </STEEL_I_SECTION>

  <STEEL_I_SECTION>
      <LABEL>HE600B</LABEL>
      <EDI_STD>HE600B</EDI_STD>
      <DESIGNATION>W</DESIGNATION>
      <D>600</D>
      <BF>300</BF>
      <TF>30</TF>
      <TW>15.5</TW>
      <A>27000</A>
      <I33>1.71E+09</I33>
      <Z33>6425000</Z33>
      <AS3>15000</AS3>
      <I22>1.353E+08</I22>
      <Z22>1391000</Z22>
      <AS2>9300</AS2>
      <J>6670000</J>
      <S33POS>5700000</S33POS>
      <S33NEG>5700000</S33NEG>
      <S22POS>902000</S22POS>
      <S22NEG>902000</S22NEG>
      <R33>251.6611</R33>
      <R22>70.7892</R22>
  </STEEL_I_SECTION>

  <STEEL_I_SECTION>
      <LABEL>HE600M</LABEL>
      <EDI_STD>HE600M</EDI_STD>
      <DESIGNATION>W</DESIGNATION>
      <D>620</D>
      <BF>305</BF>
      <TF>40</TF>
      <TW>21</TW>
      <A>36370</A>
      <I33>2.374E+09</I33>
      <Z33>8772000</Z33>
      <AS3>20333.33</AS3>
      <I22>1.898E+08</I22>
      <Z22>1930000</Z22>
      <AS2>13020</AS2>
      <J>1.564E+07</J>
      <S33POS>7658065</S33POS>
      <S33NEG>7658065</S33NEG>
      <S22POS>1244590</S22POS>
      <S22NEG>1244590</S22NEG>
      <R33>255.487</R33>
      <R22>72.23978</R22>
  </STEEL_I_SECTION>

  <STEEL_I_SECTION>
      <LABEL>HE600X337</LABEL>
      <EDI_STD>HE600X337</EDI_STD>
      <DESIGNATION>W</DESIGNATION>
      <D>632</D>
      <BF>310</BF>
      <TF>46</TF>
      <TW>25.5</TW>
      <A>42920</A>
      <I33>2.832E+09</I33>
      <Z33>1.038E+07</Z33>
      <AS3>23766.67</AS3>
      <I22>2.294E+08</I22>
      <Z22>2310000</Z22>
      <AS2>16116</AS2>
      <J>2.451E+07</J>
      <S33POS>8962025</S33POS>
      <S33NEG>8962025</S33NEG>
      <S22POS>1480000</S22POS>
      <S22NEG>1480000</S22NEG>
      <R33>256.872</R33>
      <R22>73.10833</R22>
  </STEEL_I_SECTION>

  <STEEL_I_SECTION>
      <LABEL>HE600X399</LABEL>
      <EDI_STD>HE600X399</EDI_STD>
      <DESIGNATION>W</DESIGNATION>
      <D>648</D>
      <BF>315</BF>
      <TF>54</TF>
      <TW>30</TW>
      <A>50850</A>
      <I33>3.446E+09</I33>
      <Z33>1.246E+07</Z33>
      <AS3>28350</AS3>
      <I22>2.828E+08</I22>
      <Z22>2814000</Z22>
      <AS2>19440</AS2>
      <J>3.966E+07</J>
      <S33POS>1.06358E+07</S33POS>
      <S33NEG>1.06358E+07</S33NEG>
      <S22POS>1795556</S22POS>
      <S22NEG>1795556</S22NEG>
      <R33>260.3228</R33>
      <R22>74.57516</R22>
  </STEEL_I_SECTION>

  <STEEL_I_SECTION>
      <LABEL>HE650A</LABEL>
      <EDI_STD>HE650A</EDI_STD>
      <DESIGNATION>W</DESIGNATION>
      <D>640</D>
      <BF>300</BF>
      <TF>26</TF>
      <TW>13.5</TW>
      <A>24160</A>
      <I33>1.752E+09</I33>
      <Z33>6136000</Z33>
      <AS3>13000</AS3>
      <I22>1.172E+08</I22>
      <Z22>1205000</Z22>
      <AS2>8640</AS2>
      <J>4480000</J>
      <S33POS>5475000</S33POS>
      <S33NEG>5475000</S33NEG>
      <S22POS>781333.3</S22POS>
      <S22NEG>781333.3</S22NEG>
      <R33>269.289</R33>
      <R22>69.64907</R22>
  </STEEL_I_SECTION>

  <STEEL_I_SECTION>
      <LABEL>HE650B</LABEL>
      <EDI_STD>HE650B</EDI_STD>
      <DESIGNATION>W</DESIGNATION>
      <D>650</D>
      <BF>300</BF>
      <TF>31</TF>
      <TW>16</TW>
      <A>28630</A>
      <I33>2.106E+09</I33>
      <Z33>7320000</Z33>
      <AS3>15500</AS3>
      <I22>1.398E+08</I22>
      <Z22>1441000</Z22>
      <AS2>10400</AS2>
      <J>7390000</J>
      <S33POS>6480000</S33POS>
      <S33NEG>6480000</S33NEG>
      <S22POS>932000</S22POS>
      <S22NEG>932000</S22NEG>
      <R33>271.218</R33>
      <R22>69.8784</R22>
  </STEEL_I_SECTION>

  <STEEL_I_SECTION>
      <LABEL>HE650M</LABEL>
      <EDI_STD>HE650M</EDI_STD>
      <DESIGNATION>W</DESIGNATION>
      <D>668</D>
      <BF>305</BF>
      <TF>40</TF>
      <TW>21</TW>
      <A>37370</A>
      <I33>2.817E+09</I33>
      <Z33>9657000</Z33>
      <AS3>20333.33</AS3>
      <I22>1.898E+08</I22>
      <Z22>1936000</Z22>
      <AS2>14028</AS2>
      <J>1.579E+07</J>
      <S33POS>8434132</S33POS>
      <S33NEG>8434132</S33NEG>
      <S22POS>1244590</S22POS>
      <S22NEG>1244590</S22NEG>
      <R33>274.5566</R33>
      <R22>71.26669</R22>
  </STEEL_I_SECTION>

  <STEEL_I_SECTION>
      <LABEL>HE650X343</LABEL>
      <EDI_STD>HE650X343</EDI_STD>
      <DESIGNATION>W</DESIGNATION>
      <D>680</D>
      <BF>309</BF>
      <TF>46</TF>
      <TW>25</TW>
      <A>43750</A>
      <I33>3.337E+09</I33>
      <Z33>1.135E+07</Z33>
      <AS3>23690</AS3>
      <I22>2.272E+08</I22>
      <Z22>2300000</Z22>
      <AS2>17000</AS2>
      <J>2.442E+07</J>
      <S33POS>9814706</S33POS>
      <S33NEG>9814706</S33NEG>
      <S22POS>1470550</S22POS>
      <S22NEG>1470550</S22NEG>
      <R33>276.178</R33>
      <R22>72.06346</R22>
  </STEEL_I_SECTION>

  <STEEL_I_SECTION>
      <LABEL>HE650X407</LABEL>
      <EDI_STD>HE650X407</EDI_STD>
      <DESIGNATION>W</DESIGNATION>
      <D>696</D>
      <BF>314</BF>
      <TF>54</TF>
      <TW>29.5</TW>
      <A>51880</A>
      <I33>4.054E+09</I33>
      <Z33>1.362E+07</Z33>
      <AS3>28260</AS3>
      <I22>2.802E+08</I22>
      <Z22>2803000</Z22>
      <AS2>20532</AS2>
      <J>3.958E+07</J>
      <S33POS>1.164943E+07</S33POS>
      <S33NEG>1.164943E+07</S33NEG>
      <S22POS>1784713</S22POS>
      <S22NEG>1784713</S22NEG>
      <R33>279.5387</R33>
      <R22>73.49099</R22>
  </STEEL_I_SECTION>

  <STEEL_I_SECTION>
      <LABEL>HE700A</LABEL>
      <EDI_STD>HE700A</EDI_STD>
      <DESIGNATION>W</DESIGNATION>
      <D>690</D>
      <BF>300</BF>
      <TF>27</TF>
      <TW>14.5</TW>
      <A>26050</A>
      <I33>2.153E+09</I33>
      <Z33>7032000</Z33>
      <AS3>13500</AS3>
      <I22>1.218E+08</I22>
      <Z22>1257000</Z22>
      <AS2>10005</AS2>
      <J>5140000</J>
      <S33POS>6240580</S33POS>
      <S33NEG>6240580</S33NEG>
      <S22POS>812000</S22POS>
      <S22NEG>812000</S22NEG>
      <R33>287.487</R33>
      <R22>68.37853</R22>
  </STEEL_I_SECTION>

  <STEEL_I_SECTION>
      <LABEL>HE700B</LABEL>
      <EDI_STD>HE700B</EDI_STD>
      <DESIGNATION>W</DESIGNATION>
      <D>700</D>
      <BF>300</BF>
      <TF>32</TF>
      <TW>17</TW>
      <A>30640</A>
      <I33>2.569E+09</I33>
      <Z33>8327000</Z33>
      <AS3>16000</AS3>
      <I22>1.444E+08</I22>
      <Z22>1495000</Z22>
      <AS2>11900</AS2>
      <J>8310000</J>
      <S33POS>7340000</S33POS>
      <S33NEG>7340000</S33NEG>
      <S22POS>962666.7</S22POS>
      <S22NEG>962666.7</S22NEG>
      <R33>289.5594</R33>
      <R22>68.64979</R22>
  </STEEL_I_SECTION>

  <STEEL_I_SECTION>
      <LABEL>HE700M</LABEL>
      <EDI_STD>HE700M</EDI_STD>
      <DESIGNATION>W</DESIGNATION>
      <D>716</D>
      <BF>304</BF>
      <TF>40</TF>
      <TW>21</TW>
      <A>38300</A>
      <I33>3.293E+09</I33>
      <Z33>1.054E+07</Z33>
      <AS3>20266.67</AS3>
      <I22>1.88E+08</I22>
      <Z22>1929000</Z22>
      <AS2>15036</AS2>
      <J>1.589E+07</J>
      <S33POS>9198324</S33POS>
      <S33NEG>9198324</S33NEG>
      <S22POS>1236842</S22POS>
      <S22NEG>1236842</S22NEG>
      <R33>293.222</R33>
      <R22>70.06152</R22>
  </STEEL_I_SECTION>

  <STEEL_I_SECTION>
      <LABEL>HE700X352</LABEL>
      <EDI_STD>HE700X352</EDI_STD>
      <DESIGNATION>W</DESIGNATION>
      <D>728</D>
      <BF>308</BF>
      <TF>46</TF>
      <TW>25</TW>
      <A>44860</A>
      <I33>3.897E+09</I33>
      <Z33>1.239E+07</Z33>
      <AS3>23613.33</AS3>
      <I22>2.251E+08</I22>
      <Z22>2293000</Z22>
      <AS2>18200</AS2>
      <J>2.461E+07</J>
      <S33POS>1.070604E+07</S33POS>
      <S33NEG>1.070604E+07</S33NEG>
      <S22POS>1461688</S22POS>
      <S22NEG>1461688</S22NEG>
      <R33>294.7376</R33>
      <R22>70.83666</R22>
  </STEEL_I_SECTION>

  <STEEL_I_SECTION>
      <LABEL>HE700X418</LABEL>
      <EDI_STD>HE700X418</EDI_STD>
      <DESIGNATION>W</DESIGNATION>
      <D>744</D>
      <BF>313</BF>
      <TF>54</TF>
      <TW>29.5</TW>
      <A>53190</A>
      <I33>4.725E+09</I33>
      <Z33>1.484E+07</Z33>
      <AS3>28170</AS3>
      <I22>2.776E+08</I22>
      <Z22>2797000</Z22>
      <AS2>21948</AS2>
      <J>3.989E+07</J>
      <S33POS>1.270161E+07</S33POS>
      <S33NEG>1.270161E+07</S33NEG>
      <S22POS>1773802</S22POS>
      <S22NEG>1773802</S22NEG>
      <R33>298.0478</R33>
      <R22>72.24283</R22>
  </STEEL_I_SECTION>

  <STEEL_I_SECTION>
      <LABEL>HE800A</LABEL>
      <EDI_STD>HE800A</EDI_STD>
      <DESIGNATION>W</DESIGNATION>
      <D>790</D>
      <BF>300</BF>
      <TF>28</TF>
      <TW>15</TW>
      <A>28580</A>
      <I33>3.034E+09</I33>
      <Z33>8699000</Z33>
      <AS3>14000</AS3>
      <I22>1.264E+08</I22>
      <Z22>1312000</Z22>
      <AS2>11850</AS2>
      <J>5970000</J>
      <S33POS>7681013</S33POS>
      <S33NEG>7681013</S33NEG>
      <S22POS>842666.7</S22POS>
      <S22NEG>842666.7</S22NEG>
      <R33>325.8192</R33>
      <R22>66.50318</R22>
  </STEEL_I_SECTION>

  <STEEL_I_SECTION>
      <LABEL>HE800B</LABEL>
      <EDI_STD>HE800B</EDI_STD>
      <DESIGNATION>W</DESIGNATION>
      <D>800</D>
      <BF>300</BF>
      <TF>33</TF>
      <TW>17.5</TW>
      <A>33420</A>
      <I33>3.591E+09</I33>
      <Z33>1.023E+07</Z33>
      <AS3>16500</AS3>
      <I22>1.49E+08</I22>
      <Z22>1553000</Z22>
      <AS2>14000</AS2>
      <J>9460000</J>
      <S33POS>8977500</S33POS>
      <S33NEG>8977500</S33NEG>
      <S22POS>993333.3</S22POS>
      <S22NEG>993333.3</S22NEG>
      <R33>327.7966</R33>
      <R22>66.77131</R22>
  </STEEL_I_SECTION>

  <STEEL_I_SECTION>
      <LABEL>HE800M</LABEL>
      <EDI_STD>HE800M</EDI_STD>
      <DESIGNATION>W</DESIGNATION>
      <D>814</D>
      <BF>303</BF>
      <TF>40</TF>
      <TW>21</TW>
      <A>40430</A>
      <I33>4.426E+09</I33>
      <Z33>1.249E+07</Z33>
      <AS3>20200</AS3>
      <I22>1.863E+08</I22>
      <Z22>1930000</Z22>
      <AS2>17094</AS2>
      <J>1.646E+07</J>
      <S33POS>1.087469E+07</S33POS>
      <S33NEG>1.087469E+07</S33NEG>
      <S22POS>1229703</S22POS>
      <S22NEG>1229703</S22NEG>
      <R33>330.8673</R33>
      <R22>67.88199</R22>
  </STEEL_I_SECTION>

  <STEEL_I_SECTION>
      <LABEL>HE800X373</LABEL>
      <EDI_STD>HE800X373</EDI_STD>
      <DESIGNATION>W</DESIGNATION>
      <D>826</D>
      <BF>308</BF>
      <TF>46</TF>
      <TW>25</TW>
      <A>47460</A>
      <I33>5.239E+09</I33>
      <Z33>1.47E+07</Z33>
      <AS3>23613.33</AS3>
      <I22>2.253E+08</I22>
      <Z22>2311000</Z22>
      <AS2>20650</AS2>
      <J>2.554E+07</J>
      <S33POS>1.268523E+07</S33POS>
      <S33NEG>1.268523E+07</S33NEG>
      <S22POS>1462987</S22POS>
      <S22NEG>1462987</S22NEG>
      <R33>332.2464</R33>
      <R22>68.8996</R22>
  </STEEL_I_SECTION>

  <STEEL_I_SECTION>
      <LABEL>HE800X444</LABEL>
      <EDI_STD>HE800X444</EDI_STD>
      <DESIGNATION>W</DESIGNATION>
      <D>842</D>
      <BF>313</BF>
      <TF>54</TF>
      <TW>30</TW>
      <A>56600</A>
      <I33>6.345E+09</I33>
      <Z33>1.764E+07</Z33>
      <AS3>28170</AS3>
      <I22>2.78E+08</I22>
      <Z22>2827000</Z22>
      <AS2>25260</AS2>
      <J>4.18E+07</J>
      <S33POS>1.507126E+07</S33POS>
      <S33NEG>1.507126E+07</S33NEG>
      <S22POS>1776358</S22POS>
      <S22NEG>1776358</S22NEG>
      <R33>334.8171</R33>
      <R22>70.08324</R22>
  </STEEL_I_SECTION>

  <STEEL_I_SECTION>
      <LABEL>HE900A</LABEL>
      <EDI_STD>HE900A</EDI_STD>
      <DESIGNATION>W</DESIGNATION>
      <D>890</D>
      <BF>300</BF>
      <TF>30</TF>
      <TW>16</TW>
      <A>32050</A>
      <I33>4.221E+09</I33>
      <Z33>1.081E+07</Z33>
      <AS3>15000</AS3>
      <I22>1.355E+08</I22>
      <Z22>1414000</Z22>
      <AS2>14240</AS2>
      <J>7370000</J>
      <S33POS>9485393</S33POS>
      <S33NEG>9485393</S33NEG>
      <S22POS>903333.3</S22POS>
      <S22NEG>903333.3</S22NEG>
      <R33>362.9056</R33>
      <R22>65.02129</R22>
  </STEEL_I_SECTION>

  <STEEL_I_SECTION>
      <LABEL>HE900B</LABEL>
      <EDI_STD>HE900B</EDI_STD>
      <DESIGNATION>W</DESIGNATION>
      <D>900</D>
      <BF>300</BF>
      <TF>35</TF>
      <TW>18.5</TW>
      <A>37130</A>
      <I33>4.941E+09</I33>
      <Z33>1.258E+07</Z33>
      <AS3>17500</AS3>
      <I22>1.582E+08</I22>
      <Z22>1658000</Z22>
      <AS2>16650</AS2>
      <J>1.137E+07</J>
      <S33POS>1.098E+07</S33POS>
      <S33NEG>1.098E+07</S33NEG>
      <S22POS>1054667</S22POS>
      <S22NEG>1054667</S22NEG>
      <R33>364.7917</R33>
      <R22>65.27408</R22>
  </STEEL_I_SECTION>

  <STEEL_I_SECTION>
      <LABEL>HE900M</LABEL>
      <EDI_STD>HE900M</EDI_STD>
      <DESIGNATION>W</DESIGNATION>
      <D>910</D>
      <BF>302</BF>
      <TF>40</TF>
      <TW>21</TW>
      <A>42360</A>
      <I33>5.704E+09</I33>
      <Z33>1.444E+07</Z33>
      <AS3>20133.33</AS3>
      <I22>1.845E+08</I22>
      <Z22>1929000</Z22>
      <AS2>19110</AS2>
      <J>1.671E+07</J>
      <S33POS>1.253626E+07</S33POS>
      <S33NEG>1.253626E+07</S33NEG>
      <S22POS>1221854</S22POS>
      <S22NEG>1221854</S22NEG>
      <R33>366.9541</R33>
      <R22>65.99639</R22>
  </STEEL_I_SECTION>

  <STEEL_I_SECTION>
      <LABEL>HE900X391</LABEL>
      <EDI_STD>HE900X391</EDI_STD>
      <DESIGNATION>W</DESIGNATION>
      <D>922</D>
      <BF>307</BF>
      <TF>46</TF>
      <TW>25</TW>
      <A>49770</A>
      <I33>6.743E+09</I33>
      <Z33>1.699E+07</Z33>
      <AS3>23536.67</AS3>
      <I22>2.232E+08</I22>
      <Z22>2312000</Z22>
      <AS2>23050</AS2>
      <J>2.597E+07</J>
      <S33POS>1.46269E+07</S33POS>
      <S33NEG>1.46269E+07</S33NEG>
      <S22POS>1454072</S22POS>
      <S22NEG>1454072</S22NEG>
      <R33>368.0804</R33>
      <R22>66.96738</R22>
  </STEEL_I_SECTION>

  <STEEL_I_SECTION>
      <LABEL>HE900X466</LABEL>
      <EDI_STD>HE900X466</EDI_STD>
      <DESIGNATION>W</DESIGNATION>
      <D>938</D>
      <BF>312</BF>
      <TF>54</TF>
      <TW>30</TW>
      <A>59370</A>
      <I33>8.149E+09</I33>
      <Z33>2.038E+07</Z33>
      <AS3>28080</AS3>
      <I22>2.756E+08</I22>
      <Z22>2832000</Z22>
      <AS2>28140</AS2>
      <J>4.256E+07</J>
      <S33POS>1.737527E+07</S33POS>
      <S33NEG>1.737527E+07</S33NEG>
      <S22POS>1766667</S22POS>
      <S22NEG>1766667</S22NEG>
      <R33>370.4833</R33>
      <R22>68.13277</R22>
  </STEEL_I_SECTION>

  <STEEL_I_SECTION>
      <LABEL>HE1000X249</LABEL>
      <EDI_STD>HE1000X249</EDI_STD>
      <DESIGNATION>W</DESIGNATION>
      <D>980</D>
      <BF>300</BF>
      <TF>26</TF>
      <TW>16.5</TW>
      <A>31680</A>
      <I33>4.811E+09</I33>
      <Z33>1.135E+07</Z33>
      <AS3>13000</AS3>
      <I22>1.175E+08</I22>
      <Z22>1245000</Z22>
      <AS2>16170</AS2>
      <J>5840000</J>
      <S33POS>9818367</S33POS>
      <S33NEG>9818367</S33NEG>
      <S22POS>783333.3</S22POS>
      <S22NEG>783333.3</S22NEG>
      <R33>389.6952</R33>
      <R22>60.90127</R22>
  </STEEL_I_SECTION>

  <STEEL_I_SECTION>
      <LABEL>HE1000A</LABEL>
      <EDI_STD>HE1000A</EDI_STD>
      <DESIGNATION>W</DESIGNATION>
      <D>990</D>
      <BF>300</BF>
      <TF>31</TF>
      <TW>16.5</TW>
      <A>34680</A>
      <I33>5.538E+09</I33>
      <Z33>1.282E+07</Z33>
      <AS3>15500</AS3>
      <I22>1.4E+08</I22>
      <Z22>1470000</Z22>
      <AS2>16335</AS2>
      <J>8220000</J>
      <S33POS>1.118788E+07</S33POS>
      <S33NEG>1.118788E+07</S33NEG>
      <S22POS>933333.3</S22POS>
      <S22NEG>933333.3</S22NEG>
      <R33>399.6105</R33>
      <R22>63.53667</R22>
  </STEEL_I_SECTION>

  <STEEL_I_SECTION>
      <LABEL>HE1000B</LABEL>
      <EDI_STD>HE1000B</EDI_STD>
      <DESIGNATION>W</DESIGNATION>
      <D>1000</D>
      <BF>300</BF>
      <TF>36</TF>
      <TW>19</TW>
      <A>40000</A>
      <I33>6.447E+09</I33>
      <Z33>1.486E+07</Z33>
      <AS3>18000</AS3>
      <I22>1.628E+08</I22>
      <Z22>1716000</Z22>
      <AS2>19000</AS2>
      <J>1.254E+07</J>
      <S33POS>1.2894E+07</S33POS>
      <S33NEG>1.2894E+07</S33NEG>
      <S22POS>1085333</S22POS>
      <S22NEG>1085333</S22NEG>
      <R33>401.4661</R33>
      <R22>63.79655</R22>
  </STEEL_I_SECTION>

  <STEEL_I_SECTION>
      <LABEL>HE1000M</LABEL>
      <EDI_STD>HE1000M</EDI_STD>
      <DESIGNATION>W</DESIGNATION>
      <D>1008</D>
      <BF>302</BF>
      <TF>40</TF>
      <TW>21</TW>
      <A>44420</A>
      <I33>7.223E+09</I33>
      <Z33>1.657E+07</Z33>
      <AS3>20133.33</AS3>
      <I22>1.846E+08</I22>
      <Z22>1940000</Z22>
      <AS2>21168</AS2>
      <J>1.701E+07</J>
      <S33POS>1.433135E+07</S33POS>
      <S33NEG>1.433135E+07</S33NEG>
      <S22POS>1222517</S22POS>
      <S22NEG>1222517</S22NEG>
      <R33>403.2455</R33>
      <R22>64.46539</R22>
  </STEEL_I_SECTION>

  <STEEL_I_SECTION>
      <LABEL>HE1000X393</LABEL>
      <EDI_STD>HE1000X393</EDI_STD>
      <DESIGNATION>W</DESIGNATION>
      <D>1016</D>
      <BF>303</BF>
      <TF>43.9</TF>
      <TW>24.4</TW>
      <A>50020</A>
      <I33>8.077E+09</I33>
      <Z33>1.854E+07</Z33>
      <AS3>22169.5</AS3>
      <I22>2.05E+08</I22>
      <Z22>2168000</Z22>
      <AS2>24790.4</AS2>
      <J>2.332E+07</J>
      <S33POS>1.589961E+07</S33POS>
      <S33NEG>1.589961E+07</S33NEG>
      <S22POS>1353135</S22POS>
      <S22NEG>1353135</S22NEG>
      <R33>401.84</R33>
      <R22>64.01844</R22>
  </STEEL_I_SECTION>

  <STEEL_I_SECTION>
      <LABEL>HE1000X415</LABEL>
      <EDI_STD>HE1000X415</EDI_STD>
      <DESIGNATION>W</DESIGNATION>
      <D>1020</D>
      <BF>304</BF>
      <TF>46</TF>
      <TW>26</TW>
      <A>52870</A>
      <I33>8.531E+09</I33>
      <Z33>1.9571E+07</Z33>
      <AS3>23306.67</AS3>
      <I22>2.171E+08</I22>
      <Z22>2298000</Z22>
      <AS2>26520</AS2>
      <J>2.713E+07</J>
      <S33POS>1.672745E+07</S33POS>
      <S33NEG>1.672745E+07</S33NEG>
      <S22POS>1428290</S22POS>
      <S22NEG>1428290</S22NEG>
      <R33>401.694</R33>
      <R22>64.08041</R22>
  </STEEL_I_SECTION>

  <STEEL_I_SECTION>
      <LABEL>HE1000X438</LABEL>
      <EDI_STD>HE1000X438</EDI_STD>
      <DESIGNATION>W</DESIGNATION>
      <D>1026</D>
      <BF>305</BF>
      <TF>49</TF>
      <TW>26.9</TW>
      <A>55600</A>
      <I33>9.092E+09</I33>
      <Z33>2.075E+07</Z33>
      <AS3>24908.33</AS3>
      <I22>2.336E+08</I22>
      <Z22>2463000</Z22>
      <AS2>27599.4</AS2>
      <J>3.19E+07</J>
      <S33POS>1.77232E+07</S33POS>
      <S33NEG>1.77232E+07</S33NEG>
      <S22POS>1531803</S22POS>
      <S22NEG>1531803</S22NEG>
      <R33>404.3825</R33>
      <R22>64.8185</R22>
  </STEEL_I_SECTION>

  <STEEL_I_SECTION>
      <LABEL>HE1000X494</LABEL>
      <EDI_STD>HE1000X494</EDI_STD>
      <DESIGNATION>W</DESIGNATION>
      <D>1036</D>
      <BF>309</BF>
      <TF>54</TF>
      <TW>31</TW>
      <A>62910</A>
      <I33>1.028E+10</I33>
      <Z33>2.3413E+07</Z33>
      <AS3>27810</AS3>
      <I22>2.682E+08</I22>
      <Z22>2818000</Z22>
      <AS2>32116</AS2>
      <J>4.433E+07</J>
      <S33POS>1.984556E+07</S33POS>
      <S33NEG>1.984556E+07</S33NEG>
      <S22POS>1735922</S22POS>
      <S22NEG>1735922</S22NEG>
      <R33>404.2376</R33>
      <R22>65.29344</R22>
  </STEEL_I_SECTION>

  <STEEL_I_SECTION>
      <LABEL>HE1000X584</LABEL>
      <EDI_STD>HE1000X584</EDI_STD>
      <DESIGNATION>W</DESIGNATION>
      <D>1056</D>
      <BF>314</BF>
      <TF>64</TF>
      <TW>36</TW>
      <A>74370</A>
      <I33>1.2461E+10</I33>
      <Z33>2.8039E+07</Z33>
      <AS3>33493.33</AS3>
      <I22>3.343E+08</I22>
      <Z22>3475000</Z22>
      <AS2>38016</AS2>
      <J>7.23E+07</J>
      <S33POS>2.360038E+07</S33POS>
      <S33NEG>2.360038E+07</S33NEG>
      <S22POS>2129299</S22POS>
      <S22NEG>2129299</S22NEG>
      <R33>409.3337</R33>
      <R22>67.04545</R22>
  </STEEL_I_SECTION>

  <STEEL_I_SECTION>
      <LABEL>HL920X344</LABEL>
      <EDI_STD>HL920X344</EDI_STD>
      <DESIGNATION>W</DESIGNATION>
      <D>927</D>
      <BF>418</BF>
      <TF>32</TF>
      <TW>19.3</TW>
      <A>43720</A>
      <I33>6.45E+09</I33>
      <Z33>1.57E+07</Z33>
      <AS3>22293.33</AS3>
      <I22>3.901E+08</I22>
      <Z22>2880000</Z22>
      <AS2>17891.1</AS2>
      <J>1.159E+07</J>
      <S33POS>1.391586E+07</S33POS>
      <S33NEG>1.391586E+07</S33NEG>
      <S22POS>1866507</S22POS>
      <S22NEG>1866507</S22NEG>
      <R33>384.096</R33>
      <R22>94.45999</R22>
  </STEEL_I_SECTION>

  <STEEL_I_SECTION>
      <LABEL>HL920X368</LABEL>
      <EDI_STD>HL920X368</EDI_STD>
      <DESIGNATION>W</DESIGNATION>
      <D>931</D>
      <BF>419</BF>
      <TF>34.3</TF>
      <TW>20.3</TW>
      <A>46560</A>
      <I33>6.922E+09</I33>
      <Z33>1.679E+07</Z33>
      <AS3>23952.83</AS3>
      <I22>4.212E+08</I22>
      <Z22>3104000</Z22>
      <AS2>18899.3</AS2>
      <J>1.408E+07</J>
      <S33POS>1.487003E+07</S33POS>
      <S33NEG>1.487003E+07</S33NEG>
      <S22POS>2010501</S22POS>
      <S22NEG>2010501</S22NEG>
      <R33>385.5754</R33>
      <R22>95.11252</R22>
  </STEEL_I_SECTION>

  <STEEL_I_SECTION>
      <LABEL>HL920X390</LABEL>
      <EDI_STD>HL920X390</EDI_STD>
      <DESIGNATION>W</DESIGNATION>
      <D>936</D>
      <BF>420</BF>
      <TF>36.6</TF>
      <TW>21.3</TW>
      <A>49430</A>
      <I33>7.417E+09</I33>
      <Z33>1.792E+07</Z33>
      <AS3>25620</AS3>
      <I22>4.527E+08</I22>
      <Z22>3331000</Z22>
      <AS2>19936.8</AS2>
      <J>1.691E+07</J>
      <S33POS>1.584829E+07</S33POS>
      <S33NEG>1.584829E+07</S33NEG>
      <S22POS>2155714</S22POS>
      <S22NEG>2155714</S22NEG>
      <R33>387.3636</R33>
      <R22>95.69956</R22>
  </STEEL_I_SECTION>

  <STEEL_I_SECTION>
      <LABEL>HL920X420</LABEL>
      <EDI_STD>HL920X420</EDI_STD>
      <DESIGNATION>W</DESIGNATION>
      <D>943</D>
      <BF>422</BF>
      <TF>39.9</TF>
      <TW>22.5</TW>
      <A>53410</A>
      <I33>8.133E+09</I33>
      <Z33>1.953E+07</Z33>
      <AS3>28063</AS3>
      <I22>5.007E+08</I22>
      <Z22>3667000</Z22>
      <AS2>21217.5</AS2>
      <J>2.151E+07</J>
      <S33POS>1.724921E+07</S33POS>
      <S33NEG>1.724921E+07</S33NEG>
      <S22POS>2372986</S22POS>
      <S22NEG>2372986</S22NEG>
      <R33>390.2241</R33>
      <R22>96.82277</R22>
  </STEEL_I_SECTION>

  <STEEL_I_SECTION>
      <LABEL>HL920X449</LABEL>
      <EDI_STD>HL920X449</EDI_STD>
      <DESIGNATION>W</DESIGNATION>
      <D>948</D>
      <BF>423</BF>
      <TF>42.7</TF>
      <TW>24</TW>
      <A>57140</A>
      <I33>8.747E+09</I33>
      <Z33>2.095E+07</Z33>
      <AS3>30103.5</AS3>
      <I22>5.397E+08</I22>
      <Z22>3949000</Z22>
      <AS2>22752</AS2>
      <J>2.627E+07</J>
      <S33POS>1.845359E+07</S33POS>
      <S33NEG>1.845359E+07</S33NEG>
      <S22POS>2551773</S22POS>
      <S22NEG>2551773</S22NEG>
      <R33>391.2546</R33>
      <R22>97.18653</R22>
  </STEEL_I_SECTION>

  <STEEL_I_SECTION>
      <LABEL>HL920X491</LABEL>
      <EDI_STD>HL920X491</EDI_STD>
      <DESIGNATION>W</DESIGNATION>
      <D>957</D>
      <BF>422</BF>
      <TF>47</TF>
      <TW>25.9</TW>
      <A>62330</A>
      <I33>9.663E+09</I33>
      <Z33>2.3E+07</Z33>
      <AS3>33056.67</AS3>
      <I22>5.9E+08</I22>
      <Z22>4335000</Z22>
      <AS2>24786.3</AS2>
      <J>3.441E+07</J>
      <S33POS>2.019436E+07</S33POS>
      <S33NEG>2.019436E+07</S33NEG>
      <S22POS>2796209</S22POS>
      <S22NEG>2796209</S22NEG>
      <R33>393.7381</R33>
      <R22>97.29207</R22>
  </STEEL_I_SECTION>

  <STEEL_I_SECTION>
      <LABEL>HL920X537</LABEL>
      <EDI_STD>HL920X537</EDI_STD>
      <DESIGNATION>W</DESIGNATION>
      <D>965</D>
      <BF>425</BF>
      <TF>51.1</TF>
      <TW>28.4</TW>
      <A>68250</A>
      <I33>1.066E+10</I33>
      <Z33>2.527E+07</Z33>
      <AS3>36195.83</AS3>
      <I22>6.555E+08</I22>
      <Z22>4795000</Z22>
      <AS2>27406</AS2>
      <J>4.447E+07</J>
      <S33POS>2.209326E+07</S33POS>
      <S33NEG>2.209326E+07</S33NEG>
      <S22POS>3084706</S22POS>
      <S22NEG>3084706</S22NEG>
      <R33>395.2094</R33>
      <R22>98.00202</R22>
  </STEEL_I_SECTION>

  <STEEL_I_SECTION>
      <LABEL>HL920X588</LABEL>
      <EDI_STD>HL920X588</EDI_STD>
      <DESIGNATION>W</DESIGNATION>
      <D>975</D>
      <BF>427</BF>
      <TF>55.9</TF>
      <TW>31</TW>
      <A>74810</A>
      <I33>1.181E+10</I33>
      <Z33>2.784E+07</Z33>
      <AS3>39782.17</AS3>
      <I22>7.276E+08</I22>
      <Z22>5310000</Z22>
      <AS2>30225</AS2>
      <J>5.86E+07</J>
      <S33POS>2.422564E+07</S33POS>
      <S33NEG>2.422564E+07</S33NEG>
      <S22POS>3407963</S22POS>
      <S22NEG>3407963</S22NEG>
      <R33>397.3243</R33>
      <R22>98.62035</R22>
  </STEEL_I_SECTION>

  <STEEL_I_SECTION>
      <LABEL>HL920X656</LABEL>
      <EDI_STD>HL920X656</EDI_STD>
      <DESIGNATION>W</DESIGNATION>
      <D>987</D>
      <BF>431</BF>
      <TF>62</TF>
      <TW>34.5</TW>
      <A>83530</A>
      <I33>1.335E+10</I33>
      <Z33>3.127E+07</Z33>
      <AS3>44536.67</AS3>
      <I22>8.304E+08</I22>
      <Z22>6022000</Z22>
      <AS2>34051.5</AS2>
      <J>7.95E+07</J>
      <S33POS>2.705167E+07</S33POS>
      <S33NEG>2.705167E+07</S33NEG>
      <S22POS>3853364</S22POS>
      <S22NEG>3853364</S22NEG>
      <R33>399.7784</R33>
      <R22>99.70626</R22>
  </STEEL_I_SECTION>

  <STEEL_I_SECTION>
      <LABEL>HL920X725</LABEL>
      <EDI_STD>HL920X725</EDI_STD>
      <DESIGNATION>W</DESIGNATION>
      <D>999</D>
      <BF>434</BF>
      <TF>68.1</TF>
      <TW>38.1</TW>
      <A>92290</A>
      <I33>1.492E+10</I33>
      <Z33>3.474E+07</Z33>
      <AS3>49259</AS3>
      <I22>9.32E+08</I22>
      <Z22>6734000</Z22>
      <AS2>38061.9</AS2>
      <J>1.057E+08</J>
      <S33POS>2.986987E+07</S33POS>
      <S33NEG>2.986987E+07</S33NEG>
      <S22POS>4294931</S22POS>
      <S22NEG>4294931</S22NEG>
      <R33>402.075</R33>
      <R22>100.4918</R22>
  </STEEL_I_SECTION>

  <STEEL_I_SECTION>
      <LABEL>HL920X787</LABEL>
      <EDI_STD>HL920X787</EDI_STD>
      <DESIGNATION>W</DESIGNATION>
      <D>1011</D>
      <BF>437</BF>
      <TF>73.9</TF>
      <TW>40.9</TW>
      <A>100200</A>
      <I33>1.646E+10</I33>
      <Z33>3.801E+07</Z33>
      <AS3>53823.83</AS3>
      <I22>1.033E+09</I22>
      <Z22>7425000</Z22>
      <AS2>41349.9</AS2>
      <J>1.343E+08</J>
      <S33POS>3.256182E+07</S33POS>
      <S33NEG>3.256182E+07</S33NEG>
      <S22POS>4727689</S22POS>
      <S22NEG>4727689</S22NEG>
      <R33>405.3042</R33>
      <R22>101.5351</R22>
  </STEEL_I_SECTION>

  <STEEL_I_SECTION>
      <LABEL>HL920X970</LABEL>
      <EDI_STD>HL920X970</EDI_STD>
      <DESIGNATION>W</DESIGNATION>
      <D>1043</D>
      <BF>446</BF>
      <TF>89.9</TF>
      <TW>50</TW>
      <A>123660</A>
      <I33>2.1E+10</I33>
      <Z33>4.766E+07</Z33>
      <AS3>66825.66</AS3>
      <I22>1.339E+09</I22>
      <Z22>9490000</Z22>
      <AS2>52150</AS2>
      <J>2.432E+08</J>
      <S33POS>4.026846E+07</S33POS>
      <S33NEG>4.026846E+07</S33NEG>
      <S22POS>6004485</S22POS>
      <S22NEG>6004485</S22NEG>
      <R33>412.0928</R33>
      <R22>104.0581</R22>
  </STEEL_I_SECTION>

  <STEEL_I_SECTION>
      <LABEL>HL920X1077</LABEL>
      <EDI_STD>HL920X1077</EDI_STD>
      <DESIGNATION>W</DESIGNATION>
      <D>1061</D>
      <BF>451</BF>
      <TF>99.1</TF>
      <TW>55</TW>
      <A>137200</A>
      <I33>2.377E+10</I33>
      <Z33>5.339E+07</Z33>
      <AS3>74490.16</AS3>
      <I22>1.527E+09</I22>
      <Z22>1.074E+07</Z22>
      <AS2>58355</AS2>
      <J>3.317E+08</J>
      <S33POS>4.480678E+07</S33POS>
      <S33NEG>4.480678E+07</S33NEG>
      <S22POS>6771619</S22POS>
      <S22NEG>6771619</S22NEG>
      <R33>416.234</R33>
      <R22>105.4976</R22>
  </STEEL_I_SECTION>

  <STEEL_I_SECTION>
      <LABEL>HL920X1194</LABEL>
      <EDI_STD>HL920X1194</EDI_STD>
      <DESIGNATION>W</DESIGNATION>
      <D>1081</D>
      <BF>457</BF>
      <TF>109</TF>
      <TW>60.5</TW>
      <A>152200</A>
      <I33>2.694E+10</I33>
      <Z33>5.983E+07</Z33>
      <AS3>83021.66</AS3>
      <I22>1.75E+09</I22>
      <Z22>1.218E+07</Z22>
      <AS2>65400.5</AS2>
      <J>4.437E+08</J>
      <S33POS>4.984274E+07</S33POS>
      <S33NEG>4.984274E+07</S33NEG>
      <S22POS>7658644</S22POS>
      <S22NEG>7658644</S22NEG>
      <R33>420.7184</R33>
      <R22>107.2289</R22>
  </STEEL_I_SECTION>

  <STEEL_I_SECTION>
      <LABEL>HL920X1269</LABEL>
      <EDI_STD>HL920X1269</EDI_STD>
      <DESIGNATION>W</DESIGNATION>
      <D>1093</D>
      <BF>461</BF>
      <TF>115.1</TF>
      <TW>64</TW>
      <A>161700</A>
      <I33>2.9E+10</I33>
      <Z33>6.396E+07</Z33>
      <AS3>88435.16</AS3>
      <I22>1.899E+09</I22>
      <Z22>1.313E+07</Z22>
      <AS2>69952</AS2>
      <J>5.25E+08</J>
      <S33POS>5.306496E+07</S33POS>
      <S33NEG>5.306496E+07</S33NEG>
      <S22POS>8238612</S22POS>
      <S22NEG>8238612</S22NEG>
      <R33>423.4908</R33>
      <R22>108.3696</R22>
  </STEEL_I_SECTION>

  <STEEL_I_SECTION>
      <LABEL>HL920X1377</LABEL>
      <EDI_STD>HL920X1377</EDI_STD>
      <DESIGNATION>W</DESIGNATION>
      <D>1093</D>
      <BF>473</BF>
      <TF>115.1</TF>
      <TW>76.7</TW>
      <A>175400</A>
      <I33>3.034E+10</I33>
      <Z33>6.768E+07</Z33>
      <AS3>90737.16</AS3>
      <I22>2.063E+09</I22>
      <Z22>1.416E+07</Z22>
      <AS2>83833.1</AS2>
      <J>6.119E+08</J>
      <S33POS>5.551692E+07</S33POS>
      <S33NEG>5.551692E+07</S33NEG>
      <S22POS>8723045</S22POS>
      <S22NEG>8723045</S22NEG>
      <R33>415.9039</R33>
      <R22>108.4513</R22>
  </STEEL_I_SECTION>

  <STEEL_I_SECTION>
      <LABEL>HL1000AA</LABEL>
      <EDI_STD>HL1000AA</EDI_STD>
      <DESIGNATION>W</DESIGNATION>
      <D>982</D>
      <BF>400</BF>
      <TF>27.1</TF>
      <TW>16.5</TW>
      <A>37760</A>
      <I33>6.203E+09</I33>
      <Z33>1.426E+07</Z33>
      <AS3>18066.67</AS3>
      <I22>2.896E+08</I22>
      <Z22>2243000</Z22>
      <AS2>16203</AS2>
      <J>7630000</J>
      <S33POS>1.26334E+07</S33POS>
      <S33NEG>1.26334E+07</S33NEG>
      <S22POS>1448000</S22POS>
      <S22NEG>1448000</S22NEG>
      <R33>405.3077</R33>
      <R22>87.57563</R22>
  </STEEL_I_SECTION>

  <STEEL_I_SECTION>
      <LABEL>HL1000A</LABEL>
      <EDI_STD>HL1000A</EDI_STD>
      <DESIGNATION>W</DESIGNATION>
      <D>990</D>
      <BF>400</BF>
      <TF>31</TF>
      <TW>16.5</TW>
      <A>40880</A>
      <I33>6.964E+09</I33>
      <Z33>1.58E+07</Z33>
      <AS3>20666.67</AS3>
      <I22>3.312E+08</I22>
      <Z22>2555000</Z22>
      <AS2>16335</AS2>
      <J>1.021E+07</J>
      <S33POS>1.406869E+07</S33POS>
      <S33NEG>1.406869E+07</S33NEG>
      <S22POS>1656000</S22POS>
      <S22NEG>1656000</S22NEG>
      <R33>412.7375</R33>
      <R22>90.00978</R22>
  </STEEL_I_SECTION>

  <STEEL_I_SECTION>
      <LABEL>HL1000B</LABEL>
      <EDI_STD>HL1000B</EDI_STD>
      <DESIGNATION>W</DESIGNATION>
      <D>1000</D>
      <BF>400</BF>
      <TF>36.1</TF>
      <TW>19</TW>
      <A>47280</A>
      <I33>8.137E+09</I33>
      <Z33>1.836E+07</Z33>
      <AS3>24066.67</AS3>
      <I22>3.858E+08</I22>
      <Z22>2984000</Z22>
      <AS2>19000</AS2>
      <J>1.575E+07</J>
      <S33POS>1.6274E+07</S33POS>
      <S33NEG>1.6274E+07</S33NEG>
      <S22POS>1929000</S22POS>
      <S22NEG>1929000</S22NEG>
      <R33>414.8522</R33>
      <R22>90.33215</R22>
  </STEEL_I_SECTION>

  <STEEL_I_SECTION>
      <LABEL>HL1000M</LABEL>
      <EDI_STD>HL1000M</EDI_STD>
      <DESIGNATION>W</DESIGNATION>
      <D>1008</D>
      <BF>402</BF>
      <TF>40</TF>
      <TW>21.1</TW>
      <A>52510</A>
      <I33>9.105E+09</I33>
      <Z33>2.046E+07</Z33>
      <AS3>26800</AS3>
      <I22>4.34E+08</I22>
      <Z22>3349000</Z22>
      <AS2>21268.8</AS2>
      <J>2.134E+07</J>
      <S33POS>1.806548E+07</S33POS>
      <S33NEG>1.806548E+07</S33NEG>
      <S22POS>2159204</S22POS>
      <S22NEG>2159204</S22NEG>
      <R33>416.4079</R33>
      <R22>90.91255</R22>
  </STEEL_I_SECTION>

  <STEEL_I_SECTION>
      <LABEL>HL1000X443</LABEL>
      <EDI_STD>HL1000X443</EDI_STD>
      <DESIGNATION>W</DESIGNATION>
      <D>1012</D>
      <BF>402</BF>
      <TF>41.9</TF>
      <TW>23.6</TW>
      <A>56370</A>
      <I33>9.665E+09</I33>
      <Z33>2.178E+07</Z33>
      <AS3>28073</AS3>
      <I22>4.55E+08</I22>
      <Z22>3529000</Z22>
      <AS2>23883.2</AS2>
      <J>2.545E+07</J>
      <S33POS>1.910079E+07</S33POS>
      <S33NEG>1.910079E+07</S33NEG>
      <S22POS>2263682</S22POS>
      <S22NEG>2263682</S22NEG>
      <R33>414.073</R33>
      <R22>89.84247</R22>
  </STEEL_I_SECTION>

  <STEEL_I_SECTION>
      <LABEL>HL1000X483</LABEL>
      <EDI_STD>HL1000X483</EDI_STD>
      <DESIGNATION>W</DESIGNATION>
      <D>1020</D>
      <BF>404</BF>
      <TF>46</TF>
      <TW>25.4</TW>
      <A>61510</A>
      <I33>1.067E+10</I33>
      <Z33>2.392E+07</Z33>
      <AS3>30973.33</AS3>
      <I22>5.071E+08</I22>
      <Z22>3919000</Z22>
      <AS2>25908</AS2>
      <J>3.311E+07</J>
      <S33POS>2.092157E+07</S33POS>
      <S33NEG>2.092157E+07</S33NEG>
      <S22POS>2510396</S22POS>
      <S22NEG>2510396</S22NEG>
      <R33>416.4946</R33>
      <R22>90.79751</R22>
  </STEEL_I_SECTION>

  <STEEL_I_SECTION>
      <LABEL>HL1000X539</LABEL>
      <EDI_STD>HL1000X539</EDI_STD>
      <DESIGNATION>W</DESIGNATION>
      <D>1030</D>
      <BF>407</BF>
      <TF>51.1</TF>
      <TW>28.4</TW>
      <A>68720</A>
      <I33>1.203E+10</I33>
      <Z33>2.682E+07</Z33>
      <AS3>34662.83</AS3>
      <I22>5.763E+08</I22>
      <Z22>4436000</Z22>
      <AS2>29252</AS2>
      <J>4.546E+07</J>
      <S33POS>2.335922E+07</S33POS>
      <S33NEG>2.335922E+07</S33NEG>
      <S22POS>2831941</S22POS>
      <S22NEG>2831941</S22NEG>
      <R33>418.3996</R33>
      <R22>91.57623</R22>
  </STEEL_I_SECTION>

  <STEEL_I_SECTION>
      <LABEL>HL1000X554</LABEL>
      <EDI_STD>HL1000X554</EDI_STD>
      <DESIGNATION>W</DESIGNATION>
      <D>1032</D>
      <BF>408</BF>
      <TF>52</TF>
      <TW>29.5</TW>
      <A>70580</A>
      <I33>1.232E+10</I33>
      <Z33>2.75E+07</Z33>
      <AS3>35360</AS3>
      <I22>5.91E+08</I22>
      <Z22>4547000</Z22>
      <AS2>30444</AS2>
      <J>4.86E+07</J>
      <S33POS>2.387597E+07</S33POS>
      <S33NEG>2.387597E+07</S33NEG>
      <S22POS>2897059</S22POS>
      <S22NEG>2897059</S22NEG>
      <R33>417.7962</R33>
      <R22>91.50671</R22>
  </STEEL_I_SECTION>

  <STEEL_I_SECTION>
      <LABEL>HL1000X591</LABEL>
      <EDI_STD>HL1000X591</EDI_STD>
      <DESIGNATION>W</DESIGNATION>
      <D>1040</D>
      <BF>409</BF>
      <TF>55.9</TF>
      <TW>31</TW>
      <A>75270</A>
      <I33>1.331E+10</I33>
      <Z33>2.953E+07</Z33>
      <AS3>38105.17</AS3>
      <I22>6.401E+08</I22>
      <Z22>4916000</Z22>
      <AS2>32240</AS2>
      <J>5.927E+07</J>
      <S33POS>2.559615E+07</S33POS>
      <S33NEG>2.559615E+07</S33NEG>
      <S22POS>3130073</S22POS>
      <S22NEG>3130073</S22NEG>
      <R33>420.5117</R33>
      <R22>92.21741</R22>
  </STEEL_I_SECTION>

  <STEEL_I_SECTION>
      <LABEL>HL1000X642</LABEL>
      <EDI_STD>HL1000X642</EDI_STD>
      <DESIGNATION>W</DESIGNATION>
      <D>1048</D>
      <BF>412</BF>
      <TF>60</TF>
      <TW>34</TW>
      <A>81760</A>
      <I33>1.451E+10</I33>
      <Z33>3.21E+07</Z33>
      <AS3>41200</AS3>
      <I22>7.028E+08</I22>
      <Z22>5379000</Z22>
      <AS2>35632</AS2>
      <J>7.44E+07</J>
      <S33POS>2.769084E+07</S33POS>
      <S33NEG>2.769084E+07</S33NEG>
      <S22POS>3411651</S22POS>
      <S22NEG>3411651</S22NEG>
      <R33>421.2726</R33>
      <R22>92.71403</R22>
  </STEEL_I_SECTION>

  <STEEL_I_SECTION>
      <LABEL>HL1000X748</LABEL>
      <EDI_STD>HL1000X748</EDI_STD>
      <DESIGNATION>W</DESIGNATION>
      <D>1068</D>
      <BF>417</BF>
      <TF>70</TF>
      <TW>39</TW>
      <A>95340</A>
      <I33>1.732E+10</I33>
      <Z33>3.788E+07</Z33>
      <AS3>48650</AS3>
      <I22>8.511E+08</I22>
      <Z22>6459000</Z22>
      <AS2>41652</AS2>
      <J>1.167E+08</J>
      <S33POS>3.243446E+07</S33POS>
      <S33NEG>3.243446E+07</S33NEG>
      <S22POS>4082015</S22POS>
      <S22NEG>4082015</S22NEG>
      <R33>426.2225</R33>
      <R22>94.4828</R22>
  </STEEL_I_SECTION>

  <STEEL_I_SECTION>
      <LABEL>HL1000X883</LABEL>
      <EDI_STD>HL1000X883</EDI_STD>
      <DESIGNATION>W</DESIGNATION>
      <D>1092</D>
      <BF>424</BF>
      <TF>82</TF>
      <TW>45.5</TW>
      <A>112530</A>
      <I33>2.096E+10</I33>
      <Z33>4.526E+07</Z33>
      <AS3>57946.67</AS3>
      <I22>1.05E+09</I22>
      <Z22>7874000</Z22>
      <AS2>49686</AS2>
      <J>1.875E+08</J>
      <S33POS>3.838828E+07</S33POS>
      <S33NEG>3.838828E+07</S33NEG>
      <S22POS>4952830</S22POS>
      <S22NEG>4952830</S22NEG>
      <R33>431.5802</R33>
      <R22>96.5963</R22>
  </STEEL_I_SECTION>

  <STEEL_I_SECTION>
      <LABEL>HL1000X976</LABEL>
      <EDI_STD>HL1000X976</EDI_STD>
      <DESIGNATION>W</DESIGNATION>
      <D>1108</D>
      <BF>428</BF>
      <TF>89.9</TF>
      <TW>50</TW>
      <A>124270</A>
      <I33>2.349E+10</I33>
      <Z33>5.03E+07</Z33>
      <AS3>64128.67</AS3>
      <I22>1.185E+09</I22>
      <Z22>8839000</Z22>
      <AS2>55400</AS2>
      <J>2.477E+08</J>
      <S33POS>4.240072E+07</S33POS>
      <S33NEG>4.240072E+07</S33NEG>
      <S22POS>5537383</S22POS>
      <S22NEG>5537383</S22NEG>
      <R33>434.7688</R33>
      <R22>97.65085</R22>
  </STEEL_I_SECTION>

  <STEEL_I_SECTION>
      <LABEL>HL1100A</LABEL>
      <EDI_STD>HL1100A</EDI_STD>
      <DESIGNATION>W</DESIGNATION>
      <D>1090</D>
      <BF>400</BF>
      <TF>31</TF>
      <TW>18</TW>
      <A>43650</A>
      <I33>8.674E+09</I33>
      <Z33>1.806E+07</Z33>
      <AS3>20666.67</AS3>
      <I22>3.312E+08</I22>
      <Z22>2568000</Z22>
      <AS2>19620</AS2>
      <J>1.037E+07</J>
      <S33POS>1.59156E+07</S33POS>
      <S33NEG>1.59156E+07</S33NEG>
      <S22POS>1656000</S22POS>
      <S22NEG>1656000</S22NEG>
      <R33>445.7769</R33>
      <R22>87.10699</R22>
  </STEEL_I_SECTION>

  <STEEL_I_SECTION>
      <LABEL>HL1100B</LABEL>
      <EDI_STD>HL1100B</EDI_STD>
      <DESIGNATION>W</DESIGNATION>
      <D>1100</D>
      <BF>400</BF>
      <TF>36</TF>
      <TW>20</TW>
      <A>49700</A>
      <I33>1.005E+10</I33>
      <Z33>2.078E+07</Z33>
      <AS3>24000</AS3>
      <I22>3.848E+08</I22>
      <Z22>2988000</Z22>
      <AS2>22000</AS2>
      <J>1.564E+07</J>
      <S33POS>1.827273E+07</S33POS>
      <S33NEG>1.827273E+07</S33NEG>
      <S22POS>1924000</S22POS>
      <S22NEG>1924000</S22NEG>
      <R33>449.6813</R33>
      <R22>87.99122</R22>
  </STEEL_I_SECTION>

  <STEEL_I_SECTION>
      <LABEL>HL1100M</LABEL>
      <EDI_STD>HL1100M</EDI_STD>
      <DESIGNATION>W</DESIGNATION>
      <D>1108</D>
      <BF>402</BF>
      <TF>40</TF>
      <TW>22</TW>
      <A>55120</A>
      <I33>1.126E+10</I33>
      <Z33>2.316E+07</Z33>
      <AS3>26800</AS3>
      <I22>4.341E+08</I22>
      <Z22>3362000</Z22>
      <AS2>24376</AS2>
      <J>2.13E+07</J>
      <S33POS>2.032491E+07</S33POS>
      <S33NEG>2.032491E+07</S33NEG>
      <S22POS>2159702</S22POS>
      <S22NEG>2159702</S22NEG>
      <R33>451.9752</R33>
      <R22>88.74426</R22>
  </STEEL_I_SECTION>

  <STEEL_I_SECTION>
      <LABEL>HL1100R</LABEL>
      <EDI_STD>HL1100R</EDI_STD>
      <DESIGNATION>W</DESIGNATION>
      <D>1118</D>
      <BF>405</BF>
      <TF>45</TF>
      <TW>26</TW>
      <A>63520</A>
      <I33>1.294E+10</I33>
      <Z33>2.66E+07</Z33>
      <AS3>30375</AS3>
      <I22>4.998E+08</I22>
      <Z22>3870000</Z22>
      <AS2>29068</AS2>
      <J>3.135E+07</J>
      <S33POS>2.314848E+07</S33POS>
      <S33NEG>2.314848E+07</S33NEG>
      <S22POS>2468148</S22POS>
      <S22NEG>2468148</S22NEG>
      <R33>451.3484</R33>
      <R22>88.70393</R22>
  </STEEL_I_SECTION>

  <STEEL_I_SECTION>
      <LABEL>HD260X68.2</LABEL>
      <EDI_STD>HD260X68.2</EDI_STD>
      <DESIGNATION>W</DESIGNATION>
      <D>250</D>
      <BF>260</BF>
      <TF>12.5</TF>
      <TW>7.5</TW>
      <A>8680</A>
      <I33>1.045E+08</I33>
      <Z33>920000</Z33>
      <AS3>5416.667</AS3>
      <I22>3.668E+07</I22>
      <Z22>430000</Z22>
      <AS2>1875</AS2>
      <J>524000</J>
      <S33POS>836000</S33POS>
      <S33NEG>836000</S33NEG>
      <S22POS>282153.8</S22POS>
      <S22NEG>282153.8</S22NEG>
      <R33>109.7232</R33>
      <R22>65.0062</R22>
  </STEEL_I_SECTION>

  <STEEL_I_SECTION>
      <LABEL>HD260X93.0</LABEL>
      <EDI_STD>HD260X93.0</EDI_STD>
      <DESIGNATION>W</DESIGNATION>
      <D>260</D>
      <BF>260</BF>
      <TF>17.5</TF>
      <TW>10</TW>
      <A>11840</A>
      <I33>1.492E+08</I33>
      <Z33>1283000</Z33>
      <AS3>7583.333</AS3>
      <I22>5.135E+07</I22>
      <Z22>602000</Z22>
      <AS2>2600</AS2>
      <J>1240000</J>
      <S33POS>1147692</S33POS>
      <S33NEG>1147692</S33NEG>
      <S22POS>395000</S22POS>
      <S22NEG>395000</S22NEG>
      <R33>112.2557</R33>
      <R22>65.85585</R22>
  </STEEL_I_SECTION>

  <STEEL_I_SECTION>
      <LABEL>HD260X114</LABEL>
      <EDI_STD>HD260X114</EDI_STD>
      <DESIGNATION>W</DESIGNATION>
      <D>268</D>
      <BF>262</BF>
      <TF>21.5</TF>
      <TW>12.5</TW>
      <A>14570</A>
      <I33>1.891E+08</I33>
      <Z33>1600000</Z33>
      <AS3>9388.333</AS3>
      <I22>6.456E+07</I22>
      <Z22>753000</Z22>
      <AS2>3350</AS2>
      <J>2220000</J>
      <S33POS>1411194</S33POS>
      <S33NEG>1411194</S33NEG>
      <S22POS>492824.4</S22POS>
      <S22NEG>492824.4</S22NEG>
      <R33>113.9242</R33>
      <R22>66.56593</R22>
  </STEEL_I_SECTION>

  <STEEL_I_SECTION>
      <LABEL>HD260X142</LABEL>
      <EDI_STD>HD260X142</EDI_STD>
      <DESIGNATION>W</DESIGNATION>
      <D>278</D>
      <BF>265</BF>
      <TF>26.5</TF>
      <TW>15.5</TW>
      <A>18030</A>
      <I33>2.433E+08</I33>
      <Z33>2015000</Z33>
      <AS3>11704.17</AS3>
      <I22>8.236E+07</I22>
      <Z22>951000</Z22>
      <AS2>4309</AS2>
      <J>4070000</J>
      <S33POS>1750360</S33POS>
      <S33NEG>1750360</S33NEG>
      <S22POS>621584.9</S22POS>
      <S22NEG>621584.9</S22NEG>
      <R33>116.1644</R33>
      <R22>67.58656</R22>
  </STEEL_I_SECTION>

  <STEEL_I_SECTION>
      <LABEL>HD260X172</LABEL>
      <EDI_STD>HD260X172</EDI_STD>
      <DESIGNATION>W</DESIGNATION>
      <D>290</D>
      <BF>268</BF>
      <TF>32.5</TF>
      <TW>18</TW>
      <A>21960</A>
      <I33>3.131E+08</I33>
      <Z33>2524000</Z33>
      <AS3>14516.67</AS3>
      <I22>1.045E+08</I22>
      <Z22>1192000</Z22>
      <AS2>5220</AS2>
      <J>7190000</J>
      <S33POS>2159310</S33POS>
      <S33NEG>2159310</S33NEG>
      <S22POS>779850.8</S22POS>
      <S22NEG>779850.8</S22NEG>
      <R33>119.4058</R33>
      <R22>68.98299</R22>
  </STEEL_I_SECTION>

  <STEEL_I_SECTION>
      <LABEL>HD320X97.6</LABEL>
      <EDI_STD>HD320X97.6</EDI_STD>
      <DESIGNATION>W</DESIGNATION>
      <D>310</D>
      <BF>300</BF>
      <TF>15.5</TF>
      <TW>9</TW>
      <A>12440</A>
      <I33>2.293E+08</I33>
      <Z33>1628000</Z33>
      <AS3>7750</AS3>
      <I22>6.985E+07</I22>
      <Z22>710000</Z22>
      <AS2>2790</AS2>
      <J>1080000</J>
      <S33POS>1479355</S33POS>
      <S33NEG>1479355</S33NEG>
      <S22POS>465666.7</S22POS>
      <S22NEG>465666.7</S22NEG>
      <R33>135.7663</R33>
      <R22>74.93298</R22>
  </STEEL_I_SECTION>

  <STEEL_I_SECTION>
      <LABEL>HD320X127</LABEL>
      <EDI_STD>HD320X127</EDI_STD>
      <DESIGNATION>W</DESIGNATION>
      <D>320</D>
      <BF>300</BF>
      <TF>20.5</TF>
      <TW>11.5</TW>
      <A>16130</A>
      <I33>3.082E+08</I33>
      <Z33>2149000</Z33>
      <AS3>10250</AS3>
      <I22>9.239E+07</I22>
      <Z22>939000</Z22>
      <AS2>3680</AS2>
      <J>2250000</J>
      <S33POS>1926250</S33POS>
      <S33NEG>1926250</S33NEG>
      <S22POS>615933.3</S22POS>
      <S22NEG>615933.3</S22NEG>
      <R33>138.229</R33>
      <R22>75.68247</R22>
  </STEEL_I_SECTION>

  <STEEL_I_SECTION>
      <LABEL>HD320X158</LABEL>
      <EDI_STD>HD320X158</EDI_STD>
      <DESIGNATION>W</DESIGNATION>
      <D>330</D>
      <BF>303</BF>
      <TF>25.5</TF>
      <TW>14.5</TW>
      <A>20120</A>
      <I33>3.964E+08</I33>
      <Z33>2718000</Z33>
      <AS3>12877.5</AS3>
      <I22>1.184E+08</I22>
      <Z22>1194000</Z22>
      <AS2>4785</AS2>
      <J>4210000</J>
      <S33POS>2402424</S33POS>
      <S33NEG>2402424</S33NEG>
      <S22POS>781518.1</S22POS>
      <S22NEG>781518.1</S22NEG>
      <R33>140.3631</R33>
      <R22>76.71175</R22>
  </STEEL_I_SECTION>

  <STEEL_I_SECTION>
      <LABEL>HD320X198</LABEL>
      <EDI_STD>HD320X198</EDI_STD>
      <DESIGNATION>W</DESIGNATION>
      <D>343</D>
      <BF>306</BF>
      <TF>32</TF>
      <TW>18</TW>
      <A>25230</A>
      <I33>5.19E+08</I33>
      <Z33>3479000</Z33>
      <AS3>16320</AS3>
      <I22>1.531E+08</I22>
      <Z22>1530000</Z22>
      <AS2>6174</AS2>
      <J>8050000</J>
      <S33POS>3026239</S33POS>
      <S33NEG>3026239</S33NEG>
      <S22POS>1000654</S22POS>
      <S22NEG>1000654</S22NEG>
      <R33>143.4251</R33>
      <R22>77.89848</R22>
  </STEEL_I_SECTION>

  <STEEL_I_SECTION>
      <LABEL>HD320X245</LABEL>
      <EDI_STD>HD320X245</EDI_STD>
      <DESIGNATION>W</DESIGNATION>
      <D>359</D>
      <BF>309</BF>
      <TF>40</TF>
      <TW>21</TW>
      <A>31200</A>
      <I33>6.813E+08</I33>
      <Z33>4435000</Z33>
      <AS3>20600</AS3>
      <I22>1.971E+08</I22>
      <Z22>1951000</Z22>
      <AS2>7539</AS2>
      <J>1.501E+07</J>
      <S33POS>3795543</S33POS>
      <S33NEG>3795543</S33NEG>
      <S22POS>1275728</S22POS>
      <S22NEG>1275728</S22NEG>
      <R33>147.7719</R33>
      <R22>79.48149</R22>
  </STEEL_I_SECTION>

  <STEEL_I_SECTION>
      <LABEL>HD320X300</LABEL>
      <EDI_STD>HD320X300</EDI_STD>
      <DESIGNATION>W</DESIGNATION>
      <D>375</D>
      <BF>313</BF>
      <TF>48</TF>
      <TW>27</TW>
      <A>38210</A>
      <I33>8.69E+08</I33>
      <Z33>5522000</Z33>
      <AS3>25040</AS3>
      <I22>2.46E+08</I22>
      <Z22>2414000</Z22>
      <AS2>10125</AS2>
      <J>2.65E+07</J>
      <S33POS>4634667</S33POS>
      <S33NEG>4634667</S33NEG>
      <S22POS>1571885</S22POS>
      <S22NEG>1571885</S22NEG>
      <R33>150.807</R33>
      <R22>80.2378</R22>
  </STEEL_I_SECTION>

  <STEEL_I_SECTION>
      <LABEL>HD360X134</LABEL>
      <EDI_STD>HD360X134</EDI_STD>
      <DESIGNATION>W</DESIGNATION>
      <D>356</D>
      <BF>369</BF>
      <TF>18</TF>
      <TW>11.2</TW>
      <A>17060</A>
      <I33>4.151E+08</I33>
      <Z33>2562000</Z33>
      <AS3>11070</AS3>
      <I22>1.508E+08</I22>
      <Z22>1237000</Z22>
      <AS2>3987.2</AS2>
      <J>1690000</J>
      <S33POS>2332023</S33POS>
      <S33NEG>2332023</S33NEG>
      <S22POS>817344.2</S22POS>
      <S22NEG>817344.2</S22NEG>
      <R33>155.9864</R33>
      <R22>94.01804</R22>
  </STEEL_I_SECTION>

  <STEEL_I_SECTION>
      <LABEL>HD360X147</LABEL>
      <EDI_STD>HD360X147</EDI_STD>
      <DESIGNATION>W</DESIGNATION>
      <D>360</D>
      <BF>370</BF>
      <TF>19.8</TF>
      <TW>12.3</TW>
      <A>18790</A>
      <I33>4.629E+08</I33>
      <Z33>2838000</Z33>
      <AS3>12210</AS3>
      <I22>1.672E+08</I22>
      <Z22>1369000</Z22>
      <AS2>4428</AS2>
      <J>2240000</J>
      <S33POS>2571667</S33POS>
      <S33NEG>2571667</S33NEG>
      <S22POS>903783.8</S22POS>
      <S22NEG>903783.8</S22NEG>
      <R33>156.9568</R33>
      <R22>94.33107</R22>
  </STEEL_I_SECTION>

  <STEEL_I_SECTION>
      <LABEL>HD360X162</LABEL>
      <EDI_STD>HD360X162</EDI_STD>
      <DESIGNATION>W</DESIGNATION>
      <D>364</D>
      <BF>371</BF>
      <TF>21.8</TF>
      <TW>13.3</TW>
      <A>20630</A>
      <I33>5.154E+08</I33>
      <Z33>3139000</Z33>
      <AS3>13479.67</AS3>
      <I22>1.856E+08</I22>
      <Z22>1516000</Z22>
      <AS2>4841.2</AS2>
      <J>2960000</J>
      <S33POS>2831868</S33POS>
      <S33NEG>2831868</S33NEG>
      <S22POS>1000539</S22POS>
      <S22NEG>1000539</S22NEG>
      <R33>158.0602</R33>
      <R22>94.85045</R22>
  </STEEL_I_SECTION>

  <STEEL_I_SECTION>
      <LABEL>HD360X179</LABEL>
      <EDI_STD>HD360X179</EDI_STD>
      <DESIGNATION>W</DESIGNATION>
      <D>368</D>
      <BF>373</BF>
      <TF>23.9</TF>
      <TW>15</TW>
      <A>22830</A>
      <I33>5.744E+08</I33>
      <Z33>3482000</Z33>
      <AS3>14857.83</AS3>
      <I22>2.068E+08</I22>
      <Z22>1683000</Z22>
      <AS2>5520</AS2>
      <J>3940000</J>
      <S33POS>3121739</S33POS>
      <S33NEG>3121739</S33NEG>
      <S22POS>1108847</S22POS>
      <S22NEG>1108847</S22NEG>
      <R33>158.6187</R33>
      <R22>95.17487</R22>
  </STEEL_I_SECTION>

  <STEEL_I_SECTION>
      <LABEL>HD360X196</LABEL>
      <EDI_STD>HD360X196</EDI_STD>
      <DESIGNATION>W</DESIGNATION>
      <D>372</D>
      <BF>374</BF>
      <TF>26.2</TF>
      <TW>16.4</TW>
      <A>25030</A>
      <I33>6.363E+08</I33>
      <Z33>3837000</Z33>
      <AS3>16331.33</AS3>
      <I22>2.286E+08</I22>
      <Z22>1856000</Z22>
      <AS2>6100.8</AS2>
      <J>5170000</J>
      <S33POS>3420968</S33POS>
      <S33NEG>3420968</S33NEG>
      <S22POS>1222460</S22POS>
      <S22NEG>1222460</S22NEG>
      <R33>159.4412</R33>
      <R22>95.56694</R22>
  </STEEL_I_SECTION>

  <STEEL_I_SECTION>
      <LABEL>HD400X187</LABEL>
      <EDI_STD>HD400X187</EDI_STD>
      <DESIGNATION>W</DESIGNATION>
      <D>368</D>
      <BF>391</BF>
      <TF>24</TF>
      <TW>15</TW>
      <A>23760</A>
      <I33>6.018E+08</I33>
      <Z33>3642000</Z33>
      <AS3>15640</AS3>
      <I22>2.392E+08</I22>
      <Z22>1855000</Z22>
      <AS2>5520</AS2>
      <J>4150000</J>
      <S33POS>3270652</S33POS>
      <S33NEG>3270652</S33NEG>
      <S22POS>1223529</S22POS>
      <S22NEG>1223529</S22NEG>
      <R33>159.1486</R33>
      <R22>100.3361</R22>
  </STEEL_I_SECTION>

  <STEEL_I_SECTION>
      <LABEL>HD400X216</LABEL>
      <EDI_STD>HD400X216</EDI_STD>
      <DESIGNATION>W</DESIGNATION>
      <D>375</D>
      <BF>394</BF>
      <TF>27.7</TF>
      <TW>17.3</TW>
      <A>27550</A>
      <I33>7.114E+08</I33>
      <Z33>4262000</Z33>
      <AS3>18189.67</AS3>
      <I22>2.825E+08</I22>
      <Z22>2176000</Z22>
      <AS2>6487.5</AS2>
      <J>6370000</J>
      <S33POS>3794133</S33POS>
      <S33NEG>3794133</S33NEG>
      <S22POS>1434010</S22POS>
      <S22NEG>1434010</S22NEG>
      <R33>160.6927</R33>
      <R22>101.2625</R22>
  </STEEL_I_SECTION>

  <STEEL_I_SECTION>
      <LABEL>HD400X237</LABEL>
      <EDI_STD>HD400X237</EDI_STD>
      <DESIGNATION>W</DESIGNATION>
      <D>380</D>
      <BF>395</BF>
      <TF>30.2</TF>
      <TW>18.9</TW>
      <A>30090</A>
      <I33>7.878E+08</I33>
      <Z33>4686000</Z33>
      <AS3>19881.67</AS3>
      <I22>3.104E+08</I22>
      <Z22>2387000</Z22>
      <AS2>7182</AS2>
      <J>8260000</J>
      <S33POS>4146316</S33POS>
      <S33NEG>4146316</S33NEG>
      <S22POS>1571646</S22POS>
      <S22NEG>1571646</S22NEG>
      <R33>161.8069</R33>
      <R22>101.5663</R22>
  </STEEL_I_SECTION>

  <STEEL_I_SECTION>
      <LABEL>HD400X262</LABEL>
      <EDI_STD>HD400X262</EDI_STD>
      <DESIGNATION>W</DESIGNATION>
      <D>387</D>
      <BF>398</BF>
      <TF>33.3</TF>
      <TW>21.1</TW>
      <A>33460</A>
      <I33>8.941E+08</I33>
      <Z33>5260000</Z33>
      <AS3>22089</AS3>
      <I22>3.502E+08</I22>
      <Z22>2676000</Z22>
      <AS2>8165.7</AS2>
      <J>1.116E+07</J>
      <S33POS>4620672</S33POS>
      <S33NEG>4620672</S33NEG>
      <S22POS>1759799</S22POS>
      <S22NEG>1759799</S22NEG>
      <R33>163.467</R33>
      <R22>102.3046</R22>
  </STEEL_I_SECTION>

  <STEEL_I_SECTION>
      <LABEL>HD400X287</LABEL>
      <EDI_STD>HD400X287</EDI_STD>
      <DESIGNATION>W</DESIGNATION>
      <D>393</D>
      <BF>399</BF>
      <TF>36.6</TF>
      <TW>22.6</TW>
      <A>36630</A>
      <I33>9.971E+08</I33>
      <Z33>5813000</Z33>
      <AS3>24339</AS3>
      <I22>3.878E+08</I22>
      <Z22>2957000</Z22>
      <AS2>8881.8</AS2>
      <J>1.464E+07</J>
      <S33POS>5074301</S33POS>
      <S33NEG>5074301</S33NEG>
      <S22POS>1943860</S22POS>
      <S22NEG>1943860</S22NEG>
      <R33>164.9874</R33>
      <R22>102.8929</R22>
  </STEEL_I_SECTION>

  <STEEL_I_SECTION>
      <LABEL>HD400X314</LABEL>
      <EDI_STD>HD400X314</EDI_STD>
      <DESIGNATION>W</DESIGNATION>
      <D>399</D>
      <BF>401</BF>
      <TF>39.6</TF>
      <TW>24.9</TW>
      <A>39920</A>
      <I33>1.102E+09</I33>
      <Z33>6374000</Z33>
      <AS3>26466</AS3>
      <I22>4.26E+08</I22>
      <Z22>3236000</Z22>
      <AS2>9935.1</AS2>
      <J>1.87E+07</J>
      <S33POS>5523810</S33POS>
      <S33NEG>5523810</S33NEG>
      <S22POS>2124688</S22POS>
      <S22NEG>2124688</S22NEG>
      <R33>166.1482</R33>
      <R22>103.3022</R22>
  </STEEL_I_SECTION>

  <STEEL_I_SECTION>
      <LABEL>HD400X347</LABEL>
      <EDI_STD>HD400X347</EDI_STD>
      <DESIGNATION>W</DESIGNATION>
      <D>407</D>
      <BF>404</BF>
      <TF>43.7</TF>
      <TW>27.2</TW>
      <A>44200</A>
      <I33>1.249E+09</I33>
      <Z33>7139000</Z33>
      <AS3>29424.67</AS3>
      <I22>4.809E+08</I22>
      <Z22>3629000</Z22>
      <AS2>11070.4</AS2>
      <J>2.51E+07</J>
      <S33POS>6137592</S33POS>
      <S33NEG>6137592</S33NEG>
      <S22POS>2380693</S22POS>
      <S22NEG>2380693</S22NEG>
      <R33>168.1009</R33>
      <R22>104.3077</R22>
  </STEEL_I_SECTION>

  <STEEL_I_SECTION>
      <LABEL>HD400X382</LABEL>
      <EDI_STD>HD400X382</EDI_STD>
      <DESIGNATION>W</DESIGNATION>
      <D>416</D>
      <BF>406</BF>
      <TF>48</TF>
      <TW>29.8</TW>
      <A>48710</A>
      <I33>1.413E+09</I33>
      <Z33>7965000</Z33>
      <AS3>32480</AS3>
      <I22>5.362E+08</I22>
      <Z22>4031000</Z22>
      <AS2>12396.8</AS2>
      <J>3.326E+07</J>
      <S33POS>6793269</S33POS>
      <S33NEG>6793269</S33NEG>
      <S22POS>2641379</S22POS>
      <S22NEG>2641379</S22NEG>
      <R33>170.3186</R33>
      <R22>104.919</R22>
  </STEEL_I_SECTION>

  <STEEL_I_SECTION>
      <LABEL>HD400X421</LABEL>
      <EDI_STD>HD400X421</EDI_STD>
      <DESIGNATION>W</DESIGNATION>
      <D>425</D>
      <BF>409</BF>
      <TF>52.6</TF>
      <TW>32.8</TW>
      <A>53710</A>
      <I33>1.596E+09</I33>
      <Z33>8880000</Z33>
      <AS3>35855.67</AS3>
      <I22>6.008E+08</I22>
      <Z22>4489000</Z22>
      <AS2>13940</AS2>
      <J>4.398E+07</J>
      <S33POS>7510588</S33POS>
      <S33NEG>7510588</S33NEG>
      <S22POS>2937897</S22POS>
      <S22NEG>2937897</S22NEG>
      <R33>172.3808</R33>
      <R22>105.7639</R22>
  </STEEL_I_SECTION>

  <STEEL_I_SECTION>
      <LABEL>HD400X463</LABEL>
      <EDI_STD>HD400X463</EDI_STD>
      <DESIGNATION>W</DESIGNATION>
      <D>435</D>
      <BF>412</BF>
      <TF>57.4</TF>
      <TW>35.8</TW>
      <A>58950</A>
      <I33>1.802E+09</I33>
      <Z33>9878000</Z33>
      <AS3>39414.67</AS3>
      <I22>6.704E+08</I22>
      <Z22>4978000</Z22>
      <AS2>15573</AS2>
      <J>5.735E+07</J>
      <S33POS>8285058</S33POS>
      <S33NEG>8285058</S33NEG>
      <S22POS>3254369</S22POS>
      <S22NEG>3254369</S22NEG>
      <R33>174.8379</R33>
      <R22>106.6412</R22>
  </STEEL_I_SECTION>

  <STEEL_I_SECTION>
      <LABEL>HD400X509</LABEL>
      <EDI_STD>HD400X509</EDI_STD>
      <DESIGNATION>W</DESIGNATION>
      <D>446</D>
      <BF>416</BF>
      <TF>62.7</TF>
      <TW>39.1</TW>
      <A>64900</A>
      <I33>2.045E+09</I33>
      <Z33>1.103E+07</Z33>
      <AS3>43472</AS3>
      <I22>7.54E+08</I22>
      <Z22>5552000</Z22>
      <AS2>17438.6</AS2>
      <J>7.513E+07</J>
      <S33POS>9170403</S33POS>
      <S33NEG>9170403</S33NEG>
      <S22POS>3625000</S22POS>
      <S22NEG>3625000</S22NEG>
      <R33>177.5106</R33>
      <R22>107.7862</R22>
  </STEEL_I_SECTION>

  <STEEL_I_SECTION>
      <LABEL>HD400X551</LABEL>
      <EDI_STD>HD400X551</EDI_STD>
      <DESIGNATION>W</DESIGNATION>
      <D>455</D>
      <BF>418</BF>
      <TF>67.6</TF>
      <TW>42</TW>
      <A>70140</A>
      <I33>2.261E+09</I33>
      <Z33>1.205E+07</Z33>
      <AS3>47094.67</AS3>
      <I22>8.249E+08</I22>
      <Z22>6051000</Z22>
      <AS2>19110</AS2>
      <J>9.41E+07</J>
      <S33POS>9938461</S33POS>
      <S33NEG>9938461</S33NEG>
      <S22POS>3946890</S22POS>
      <S22NEG>3946890</S22NEG>
      <R33>179.5426</R33>
      <R22>108.4471</R22>
  </STEEL_I_SECTION>

  <STEEL_I_SECTION>
      <LABEL>HD400X592</LABEL>
      <EDI_STD>HD400X592</EDI_STD>
      <DESIGNATION>W</DESIGNATION>
      <D>465</D>
      <BF>421</BF>
      <TF>72.3</TF>
      <TW>45</TW>
      <A>75490</A>
      <I33>2.502E+09</I33>
      <Z33>1.314E+07</Z33>
      <AS3>50730.5</AS3>
      <I22>9.017E+08</I22>
      <Z22>6574000</Z22>
      <AS2>20925</AS2>
      <J>1.156E+08</J>
      <S33POS>1.076129E+07</S33POS>
      <S33NEG>1.076129E+07</S33NEG>
      <S22POS>4283611</S22POS>
      <S22NEG>4283611</S22NEG>
      <R33>182.0535</R33>
      <R22>109.2915</R22>
  </STEEL_I_SECTION>

  <STEEL_I_SECTION>
      <LABEL>HD400X634</LABEL>
      <EDI_STD>HD400X634</EDI_STD>
      <DESIGNATION>W</DESIGNATION>
      <D>474</D>
      <BF>424</BF>
      <TF>77.1</TF>
      <TW>47.6</TW>
      <A>80800</A>
      <I33>2.742E+09</I33>
      <Z33>1.422E+07</Z33>
      <AS3>54484</AS3>
      <I22>9.825E+08</I22>
      <Z22>7117000</Z22>
      <AS2>22562.4</AS2>
      <J>1.402E+08</J>
      <S33POS>1.156962E+07</S33POS>
      <S33NEG>1.156962E+07</S33NEG>
      <S22POS>4634434</S22POS>
      <S22NEG>4634434</S22NEG>
      <R33>184.2163</R33>
      <R22>110.2708</R22>
  </STEEL_I_SECTION>

  <STEEL_I_SECTION>
      <LABEL>HD400X677</LABEL>
      <EDI_STD>HD400X677</EDI_STD>
      <DESIGNATION>W</DESIGNATION>
      <D>483</D>
      <BF>428</BF>
      <TF>81.5</TF>
      <TW>51.2</TW>
      <A>86340</A>
      <I33>2.995E+09</I33>
      <Z33>1.535E+07</Z33>
      <AS3>58136.67</AS3>
      <I22>1.069E+09</I22>
      <Z22>7680000</Z22>
      <AS2>24729.6</AS2>
      <J>1.679E+08</J>
      <S33POS>1.240166E+07</S33POS>
      <S33NEG>1.240166E+07</S33NEG>
      <S22POS>4995327</S22POS>
      <S22NEG>4995327</S22NEG>
      <R33>186.2483</R33>
      <R22>111.2712</R22>
  </STEEL_I_SECTION>

  <STEEL_I_SECTION>
      <LABEL>HD400X744</LABEL>
      <EDI_STD>HD400X744</EDI_STD>
      <DESIGNATION>W</DESIGNATION>
      <D>498</D>
      <BF>432</BF>
      <TF>88.9</TF>
      <TW>55.6</TW>
      <A>94810</A>
      <I33>3.421E+09</I33>
      <Z33>1.717E+07</Z33>
      <AS3>64008</AS3>
      <I22>1.199E+09</I22>
      <Z22>8549000</Z22>
      <AS2>27688.8</AS2>
      <J>2.184E+08</J>
      <S33POS>1.373896E+07</S33POS>
      <S33NEG>1.373896E+07</S33NEG>
      <S22POS>5550926</S22POS>
      <S22NEG>5550926</S22NEG>
      <R33>189.9544</R33>
      <R22>112.456</R22>
  </STEEL_I_SECTION>

  <STEEL_I_SECTION>
      <LABEL>HD400X818</LABEL>
      <EDI_STD>HD400X818</EDI_STD>
      <DESIGNATION>W</DESIGNATION>
      <D>514</D>
      <BF>437</BF>
      <TF>97</TF>
      <TW>60.5</TW>
      <A>104300</A>
      <I33>3.922E+09</I33>
      <Z33>1.926E+07</Z33>
      <AS3>70648.34</AS3>
      <I22>1.355E+09</I22>
      <Z22>9561000</Z22>
      <AS2>31097</AS2>
      <J>2.851E+08</J>
      <S33POS>1.52607E+07</S33POS>
      <S33NEG>1.52607E+07</S33NEG>
      <S22POS>6201374</S22POS>
      <S22NEG>6201374</S22NEG>
      <R33>193.9151</R33>
      <R22>113.9797</R22>
  </STEEL_I_SECTION>

  <STEEL_I_SECTION>
      <LABEL>HD400X900</LABEL>
      <EDI_STD>HD400X900</EDI_STD>
      <DESIGNATION>W</DESIGNATION>
      <D>531</D>
      <BF>442</BF>
      <TF>106</TF>
      <TW>65.9</TW>
      <A>114900</A>
      <I33>4.502E+09</I33>
      <Z33>2.162E+07</Z33>
      <AS3>78086.66</AS3>
      <I22>1.533E+09</I22>
      <Z22>1.071E+07</Z22>
      <AS2>34992.9</AS2>
      <J>3.735E+08</J>
      <S33POS>1.695669E+07</S33POS>
      <S33NEG>1.695669E+07</S33NEG>
      <S22POS>6936652</S22POS>
      <S22NEG>6936652</S22NEG>
      <R33>197.9442</R33>
      <R22>115.5077</R22>
  </STEEL_I_SECTION>

  <STEEL_I_SECTION>
      <LABEL>HD400X990</LABEL>
      <EDI_STD>HD400X990</EDI_STD>
      <DESIGNATION>W</DESIGNATION>
      <D>550</D>
      <BF>448</BF>
      <TF>115</TF>
      <TW>71.9</TW>
      <A>126200</A>
      <I33>5.189E+09</I33>
      <Z33>2.428E+07</Z33>
      <AS3>85866.66</AS3>
      <I22>1.734E+09</I22>
      <Z22>1.196E+07</Z22>
      <AS2>39545</AS2>
      <J>4.821E+08</J>
      <S33POS>1.886909E+07</S33POS>
      <S33NEG>1.886909E+07</S33NEG>
      <S22POS>7741072</S22POS>
      <S22NEG>7741072</S22NEG>
      <R33>202.774</R33>
      <R22>117.2182</R22>
  </STEEL_I_SECTION>

  <STEEL_I_SECTION>
      <LABEL>HD400X1086</LABEL>
      <EDI_STD>HD400X1086</EDI_STD>
      <DESIGNATION>W</DESIGNATION>
      <D>569</D>
      <BF>454</BF>
      <TF>125</TF>
      <TW>78</TW>
      <A>138600</A>
      <I33>5.957E+09</I33>
      <Z33>2.721E+07</Z33>
      <AS3>94583.34</AS3>
      <I22>1.962E+09</I22>
      <Z22>1.338E+07</Z22>
      <AS2>44382</AS2>
      <J>6.229E+08</J>
      <S33POS>2.093849E+07</S33POS>
      <S33NEG>2.093849E+07</S33NEG>
      <S22POS>8643172</S22POS>
      <S22NEG>8643172</S22NEG>
      <R33>207.3157</R33>
      <R22>118.9783</R22>
  </STEEL_I_SECTION>

  <STEEL_I_SECTION>
      <LABEL>HD400X1202</LABEL>
      <EDI_STD>HD400X1202</EDI_STD>
      <DESIGNATION>W</DESIGNATION>
      <D>580</D>
      <BF>471</BF>
      <TF>130</TF>
      <TW>95</TW>
      <A>153000</A>
      <I33>6.636E+09</I33>
      <Z33>3.002E+07</Z33>
      <AS3>102050</AS3>
      <I22>2.287E+09</I22>
      <Z22>1.515E+07</Z22>
      <AS2>55100</AS2>
      <J>7.923E+08</J>
      <S33POS>2.288276E+07</S33POS>
      <S33NEG>2.288276E+07</S33NEG>
      <S22POS>9711253</S22POS>
      <S22NEG>9711253</S22NEG>
      <R33>208.2608</R33>
      <R22>122.2608</R22>
  </STEEL_I_SECTION>

  <STEEL_I_SECTION>
      <LABEL>HD400X1299</LABEL>
      <EDI_STD>HD400X1299</EDI_STD>
      <DESIGNATION>W</DESIGNATION>
      <D>600</D>
      <BF>476</BF>
      <TF>140</TF>
      <TW>100</TW>
      <A>165000</A>
      <I33>7.546E+09</I33>
      <Z33>3.325E+07</Z33>
      <AS3>111066.7</AS3>
      <I22>2.544E+09</I22>
      <Z22>1.667E+07</Z22>
      <AS2>60000</AS2>
      <J>9.814E+08</J>
      <S33POS>2.515333E+07</S33POS>
      <S33NEG>2.515333E+07</S33NEG>
      <S22POS>1.068908E+07</S22POS>
      <S22NEG>1.068908E+07</S22NEG>
      <R33>213.8535</R33>
      <R22>124.17</R22>
  </STEEL_I_SECTION>

  <STEEL_I_SECTION>
      <LABEL>HP305X110</LABEL>
      <EDI_STD>HP305X110</EDI_STD>
      <DESIGNATION>W</DESIGNATION>
      <D>307.9</D>
      <BF>310.7</BF>
      <TF>15.4</TF>
      <TW>15.3</TW>
      <A>14000</A>
      <I33>2.356E+08</I33>
      <Z33>1720000</Z33>
      <AS3>7974.633</AS3>
      <I22>7.709E+07</I22>
      <Z22>762000</Z22>
      <AS2>4710.87</AS2>
      <J>1310000</J>
      <S33POS>1530367</S33POS>
      <S33NEG>1530367</S33NEG>
      <S22POS>496234.3</S22POS>
      <S22NEG>496234.3</S22NEG>
      <R33>129.725</R33>
      <R22>74.20531</R22>
  </STEEL_I_SECTION>

  <STEEL_I_SECTION>
      <LABEL>HP305X126</LABEL>
      <EDI_STD>HP305X126</EDI_STD>
      <DESIGNATION>W</DESIGNATION>
      <D>312.3</D>
      <BF>312.9</BF>
      <TF>17.6</TF>
      <TW>17.5</TW>
      <A>16100</A>
      <I33>2.741E+08</I33>
      <Z33>1986000</Z33>
      <AS3>9178.4</AS3>
      <I22>9.002E+07</I22>
      <Z22>885000</Z22>
      <AS2>5465.25</AS2>
      <J>1940000</J>
      <S33POS>1755364</S33POS>
      <S33NEG>1755364</S33NEG>
      <S22POS>575391.5</S22POS>
      <S22NEG>575391.5</S22NEG>
      <R33>130.4793</R33>
      <R22>74.77502</R22>
  </STEEL_I_SECTION>

  <STEEL_I_SECTION>
      <LABEL>HP305X149</LABEL>
      <EDI_STD>HP305X149</EDI_STD>
      <DESIGNATION>W</DESIGNATION>
      <D>318.5</D>
      <BF>316</BF>
      <TF>20.7</TF>
      <TW>20.6</TW>
      <A>19000</A>
      <I33>3.307E+08</I33>
      <Z33>2370000</Z33>
      <AS3>10902</AS3>
      <I22>1.091E+08</I22>
      <Z22>1066000</Z22>
      <AS2>6561.1</AS2>
      <J>3140000</J>
      <S33POS>2076609</S33POS>
      <S33NEG>2076609</S33NEG>
      <S22POS>690506.3</S22POS>
      <S22NEG>690506.3</S22NEG>
      <R33>131.929</R33>
      <R22>75.77668</R22>
  </STEEL_I_SECTION>

  <STEEL_I_SECTION>
      <LABEL>HP305X180</LABEL>
      <EDI_STD>HP305X180</EDI_STD>
      <DESIGNATION>W</DESIGNATION>
      <D>326.7</D>
      <BF>319.7</BF>
      <TF>24.8</TF>
      <TW>24.8</TW>
      <A>22900</A>
      <I33>4.097E+08</I33>
      <Z33>2897000</Z33>
      <AS3>13214.27</AS3>
      <I22>1.355E+08</I22>
      <Z22>1313000</Z22>
      <AS2>8102.16</AS2>
      <J>5420000</J>
      <S33POS>2508111</S33POS>
      <S33NEG>2508111</S33NEG>
      <S22POS>847669.7</S22POS>
      <S22NEG>847669.7</S22NEG>
      <R33>133.7566</R33>
      <R22>76.92223</R22>
  </STEEL_I_SECTION>

  <STEEL_I_SECTION>
      <LABEL>HP305X186</LABEL>
      <EDI_STD>HP305X186</EDI_STD>
      <DESIGNATION>W</DESIGNATION>
      <D>328.3</D>
      <BF>320.9</BF>
      <TF>25.6</TF>
      <TW>25.5</TW>
      <A>23700</A>
      <I33>4.261E+08</I33>
      <Z33>3003000</Z33>
      <AS3>13691.73</AS3>
      <I22>1.414E+08</I22>
      <Z22>1366000</Z22>
      <AS2>8371.65</AS2>
      <J>5940000</J>
      <S33POS>2595797</S33POS>
      <S33NEG>2595797</S33NEG>
      <S22POS>881271.4</S22POS>
      <S22NEG>881271.4</S22NEG>
      <R33>134.0854</R33>
      <R22>77.24147</R22>
  </STEEL_I_SECTION>

  <STEEL_I_SECTION>
      <LABEL>HP305X223</LABEL>
      <EDI_STD>HP305X223</EDI_STD>
      <DESIGNATION>W</DESIGNATION>
      <D>337.9</D>
      <BF>325.7</BF>
      <TF>30.4</TF>
      <TW>30.3</TW>
      <A>28400</A>
      <I33>5.27E+08</I33>
      <Z33>3653000</Z33>
      <AS3>16502.13</AS3>
      <I22>1.758E+08</I22>
      <Z22>1680000</Z22>
      <AS2>10238.37</AS2>
      <J>9980000</J>
      <S33POS>3119266</S33POS>
      <S33NEG>3119266</S33NEG>
      <S22POS>1079521</S22POS>
      <S22NEG>1079521</S22NEG>
      <R33>136.2216</R33>
      <R22>78.67744</R22>
  </STEEL_I_SECTION>

  <STEEL_I_SECTION>
      <LABEL>HP320X103</LABEL>
      <EDI_STD>HP320X103</EDI_STD>
      <DESIGNATION>W</DESIGNATION>
      <D>307</D>
      <BF>306</BF>
      <TF>14</TF>
      <TW>14</TW>
      <A>13100</A>
      <I33>2.205E+08</I33>
      <Z33>1611000</Z33>
      <AS3>7140</AS3>
      <I22>6.704E+07</I22>
      <Z22>677000</Z22>
      <AS2>4298</AS2>
      <J>1420000</J>
      <S33POS>1436482</S33POS>
      <S33NEG>1436482</S33NEG>
      <S22POS>438169.9</S22POS>
      <S22NEG>438169.9</S22NEG>
      <R33>129.7384</R33>
      <R22>71.5371</R22>
  </STEEL_I_SECTION>

  <STEEL_I_SECTION>
      <LABEL>HP320X117</LABEL>
      <EDI_STD>HP320X117</EDI_STD>
      <DESIGNATION>W</DESIGNATION>
      <D>311</D>
      <BF>308</BF>
      <TF>16</TF>
      <TW>16</TW>
      <A>15000</A>
      <I33>2.548E+08</I33>
      <Z33>1849000</Z33>
      <AS3>8213.333</AS3>
      <I22>7.815E+07</I22>
      <Z22>786000</Z22>
      <AS2>4976</AS2>
      <J>1990000</J>
      <S33POS>1638585</S33POS>
      <S33NEG>1638585</S33NEG>
      <S22POS>507467.5</S22POS>
      <S22NEG>507467.5</S22NEG>
      <R33>130.3329</R33>
      <R22>72.18033</R22>
  </STEEL_I_SECTION>

  <STEEL_I_SECTION>
      <LABEL>HP320X147</LABEL>
      <EDI_STD>HP320X147</EDI_STD>
      <DESIGNATION>W</DESIGNATION>
      <D>319</D>
      <BF>312</BF>
      <TF>20</TF>
      <TW>20</TW>
      <A>18700</A>
      <I33>3.267E+08</I33>
      <Z33>2338000</Z33>
      <AS3>10400</AS3>
      <I22>1.016E+08</I22>
      <Z22>1011000</Z22>
      <AS2>6380</AS2>
      <J>3570000</J>
      <S33POS>2048276</S33POS>
      <S33NEG>2048276</S33NEG>
      <S22POS>651282.1</S22POS>
      <S22NEG>651282.1</S22NEG>
      <R33>132.1763</R33>
      <R22>73.70994</R22>
  </STEEL_I_SECTION>

  <STEEL_I_SECTION>
      <LABEL>HP320X184</LABEL>
      <EDI_STD>HP320X184</EDI_STD>
      <DESIGNATION>W</DESIGNATION>
      <D>329</D>
      <BF>317</BF>
      <TF>25</TF>
      <TW>25</TW>
      <A>23500</A>
      <I33>4.234E+08</I33>
      <Z33>2979000</Z33>
      <AS3>13208.33</AS3>
      <I22>1.333E+08</I22>
      <Z22>1311000</Z22>
      <AS2>8225</AS2>
      <J>6620000</J>
      <S33POS>2573860</S33POS>
      <S33NEG>2573860</S33NEG>
      <S22POS>841009.4</S22POS>
      <S22NEG>841009.4</S22NEG>
      <R33>134.2275</R33>
      <R22>75.31494</R22>
  </STEEL_I_SECTION>

  <STEEL_I_SECTION>
      <LABEL>HP360X133</LABEL>
      <EDI_STD>HP360X133</EDI_STD>
      <DESIGNATION>W</DESIGNATION>
      <D>352</D>
      <BF>373.8</BF>
      <TF>15.7</TF>
      <TW>15.6</TW>
      <A>16900</A>
      <I33>3.798E+08</I33>
      <Z33>2406000</Z33>
      <AS3>9781.1</AS3>
      <I22>1.368E+08</I22>
      <Z22>1119000</Z22>
      <AS2>5491.2</AS2>
      <J>1610000</J>
      <S33POS>2157955</S33POS>
      <S33NEG>2157955</S33NEG>
      <S22POS>731942.3</S22POS>
      <S22NEG>731942.3</S22NEG>
      <R33>149.9112</R33>
      <R22>89.97041</R22>
  </STEEL_I_SECTION>

  <STEEL_I_SECTION>
      <LABEL>HP360X152</LABEL>
      <EDI_STD>HP360X152</EDI_STD>
      <DESIGNATION>W</DESIGNATION>
      <D>356.4</D>
      <BF>376</BF>
      <TF>17.9</TF>
      <TW>17.8</TW>
      <A>19400</A>
      <I33>4.397E+08</I33>
      <Z33>2767000</Z33>
      <AS3>11217.33</AS3>
      <I22>1.588E+08</I22>
      <Z22>1293000</Z22>
      <AS2>6343.92</AS2>
      <J>2360000</J>
      <S33POS>2467452</S33POS>
      <S33NEG>2467452</S33NEG>
      <S22POS>844680.9</S22POS>
      <S22NEG>844680.9</S22NEG>
      <R33>150.5488</R33>
      <R22>90.47412</R22>
  </STEEL_I_SECTION>

  <STEEL_I_SECTION>
      <LABEL>HP360X174</LABEL>
      <EDI_STD>HP360X174</EDI_STD>
      <DESIGNATION>W</DESIGNATION>
      <D>361.4</D>
      <BF>378.5</BF>
      <TF>20.4</TF>
      <TW>20.3</TW>
      <A>22200</A>
      <I33>5.101E+08</I33>
      <Z33>3186000</Z33>
      <AS3>12869</AS3>
      <I22>1.846E+08</I22>
      <Z22>1497000</Z22>
      <AS2>7336.42</AS2>
      <J>3490000</J>
      <S33POS>2822911</S33POS>
      <S33NEG>2822911</S33NEG>
      <S22POS>975429.3</S22POS>
      <S22NEG>975429.3</S22NEG>
      <R33>151.5832</R33>
      <R22>91.18835</R22>
  </STEEL_I_SECTION>

  <STEEL_I_SECTION>
      <LABEL>HP360X180</LABEL>
      <EDI_STD>HP360X180</EDI_STD>
      <DESIGNATION>W</DESIGNATION>
      <D>362.9</D>
      <BF>378.8</BF>
      <TF>21.1</TF>
      <TW>21.1</TW>
      <A>23000</A>
      <I33>5.304E+08</I33>
      <Z33>3306000</Z33>
      <AS3>13321.13</AS3>
      <I22>1.914E+08</I22>
      <Z22>1552000</Z22>
      <AS2>7657.19</AS2>
      <J>3870000</J>
      <S33POS>2923119</S33POS>
      <S33NEG>2923119</S33NEG>
      <S22POS>1010560</S22POS>
      <S22NEG>1010560</S22NEG>
      <R33>151.8581</R33>
      <R22>91.22356</R22>
  </STEEL_I_SECTION>

  <STEEL_I_SECTION>
      <LABEL>HP400X140</LABEL>
      <EDI_STD>HP400X140</EDI_STD>
      <DESIGNATION>W</DESIGNATION>
      <D>352</D>
      <BF>392</BF>
      <TF>16</TF>
      <TW>16</TW>
      <A>17900</A>
      <I33>4.027E+08</I33>
      <Z33>2547000</Z33>
      <AS3>10453.33</AS3>
      <I22>1.608E+08</I22>
      <Z22>1252000</Z22>
      <AS2>5632</AS2>
      <J>1750000</J>
      <S33POS>2288068</S33POS>
      <S33NEG>2288068</S33NEG>
      <S22POS>820408.2</S22POS>
      <S22NEG>820408.2</S22NEG>
      <R33>149.9907</R33>
      <R22>94.77996</R22>
  </STEEL_I_SECTION>

  <STEEL_I_SECTION>
      <LABEL>HP400X158</LABEL>
      <EDI_STD>HP400X158</EDI_STD>
      <DESIGNATION>W</DESIGNATION>
      <D>356</D>
      <BF>394</BF>
      <TF>18</TF>
      <TW>18</TW>
      <A>20100</A>
      <I33>4.594E+08</I33>
      <Z33>2888000</Z33>
      <AS3>11820</AS3>
      <I22>1.837E+08</I22>
      <Z22>1425000</Z22>
      <AS2>6408</AS2>
      <J>2480000</J>
      <S33POS>2580899</S33POS>
      <S33NEG>2580899</S33NEG>
      <S22POS>932487.3</S22POS>
      <S22NEG>932487.3</S22NEG>
      <R33>151.1811</R33>
      <R22>95.5997</R22>
  </STEEL_I_SECTION>

  <STEEL_I_SECTION>
      <LABEL>HP400X176</LABEL>
      <EDI_STD>HP400X176</EDI_STD>
      <DESIGNATION>W</DESIGNATION>
      <D>360</D>
      <BF>396</BF>
      <TF>20</TF>
      <TW>20</TW>
      <A>22400</A>
      <I33>5.177E+08</I33>
      <Z33>3235000</Z33>
      <AS3>13200</AS3>
      <I22>2.072E+08</I22>
      <Z22>1603000</Z22>
      <AS2>7200</AS2>
      <J>3390000</J>
      <S33POS>2876111</S33POS>
      <S33NEG>2876111</S33NEG>
      <S22POS>1046465</S22POS>
      <S22NEG>1046465</S22NEG>
      <R33>152.025</R33>
      <R22>96.17692</R22>
  </STEEL_I_SECTION>

  <STEEL_I_SECTION>
      <LABEL>HP400X194</LABEL>
      <EDI_STD>HP400X194</EDI_STD>
      <DESIGNATION>W</DESIGNATION>
      <D>364</D>
      <BF>398</BF>
      <TF>22</TF>
      <TW>22</TW>
      <A>24800</A>
      <I33>5.776E+08</I33>
      <Z33>3588000</Z33>
      <AS3>14593.33</AS3>
      <I22>2.315E+08</I22>
      <Z22>1784000</Z22>
      <AS2>8008</AS2>
      <J>4500000</J>
      <S33POS>3173626</S33POS>
      <S33NEG>3173626</S33NEG>
      <S22POS>1163317</S22POS>
      <S22NEG>1163317</S22NEG>
      <R33>152.6117</R33>
      <R22>96.61613</R22>
  </STEEL_I_SECTION>

  <STEEL_I_SECTION>
      <LABEL>HP400X213</LABEL>
      <EDI_STD>HP400X213</EDI_STD>
      <DESIGNATION>W</DESIGNATION>
      <D>368</D>
      <BF>400</BF>
      <TF>24</TF>
      <TW>24</TW>
      <A>27100</A>
      <I33>6.392E+08</I33>
      <Z33>3947000</Z33>
      <AS3>16000</AS3>
      <I22>2.564E+08</I22>
      <Z22>1969000</Z22>
      <AS2>8832</AS2>
      <J>5840000</J>
      <S33POS>3473913</S33POS>
      <S33NEG>3473913</S33NEG>
      <S22POS>1282000</S22POS>
      <S22NEG>1282000</S22NEG>
      <R33>153.5797</R33>
      <R22>97.26898</R22>
  </STEEL_I_SECTION>

  <STEEL_I_SECTION>
      <LABEL>HP400X231</LABEL>
      <EDI_STD>HP400X231</EDI_STD>
      <DESIGNATION>W</DESIGNATION>
      <D>372</D>
      <BF>402</BF>
      <TF>26</TF>
      <TW>26</TW>
      <A>29400</A>
      <I33>7.026E+08</I33>
      <Z33>4312000</Z33>
      <AS3>17420</AS3>
      <I22>2.82E+08</I22>
      <Z22>2158000</Z22>
      <AS2>9672</AS2>
      <J>7430000</J>
      <S33POS>3777419</S33POS>
      <S33NEG>3777419</S33NEG>
      <S22POS>1402985</S22POS>
      <S22NEG>1402985</S22NEG>
      <R33>154.5896</R33>
      <R22>97.93792</R22>
  </STEEL_I_SECTION>

</PROPERTY_FILE>
