<?xml version="1.0" encoding="UTF-8"?>
<PROPERTY_FILE xsi:schemaLocation="http://www.csiamerica.com CSIExtendedSectionPropertyFile.xsd" xmlns:xsi="http://www.w3.org/2001/XMLSchema-instance" xmlns="http://www.csiamerica.com">
  <CONTROL>
    <FILE_ID>CSI Frame Properties</FILE_ID>
    <VERSION>1</VERSION>
    <DESCRIPTION>JINDAL</DESCRIPTION>
    <LENGTH_UNITS>mm</LENGTH_UNITS>
  </CONTROL>
         <STEEL_I_SECTION>
               <DESIGNATION>HE</DESIGNATION>
               <EDI_STD>HEAA320</EDI_STD>
               <LABEL>HEAA320</LABEL>
               <A>9456.857143</A>
               <D>301</D>
               <BF>300</BF>
               <TW>8</TW>
               <TF>11</TF>
               <I33>164473300.2</I33>
               <Z33>1196064.949</Z33>
               <I22>49539009.22</I22>
               <Z22>505741.6356</Z22>
         </STEEL_I_SECTION>
         <STEEL_I_SECTION>
               <DESIGNATION>HE</DESIGNATION>
               <EDI_STD>HEA320</EDI_STD>
               <LABEL>HEA320</LABEL>
               <A>12435.85714</A>
               <D>310</D>
               <BF>300</BF>
               <TW>9</TW>
               <TF>15.5</TF>
               <I33>229285578.5</I33>
               <Z33>1627946.075</Z33>
               <I22>69796853.81</I22>
               <Z22>709740.2724</Z22>
         </STEEL_I_SECTION>
         <STEEL_I_SECTION>
               <DESIGNATION>HE</DESIGNATION>
               <EDI_STD>HEB320</EDI_STD>
               <LABEL>HEB320</LABEL>
               <A>16133.35714</A>
               <D>320</D>
               <BF>300</BF>
               <TW>11.5</TW>
               <TF>20.5</TF>
               <I33>308235086.6</I33>
               <Z33>2149092.118</Z33>
               <I22>92323632.12</I22>
               <Z22>939097.1769</Z22>
         </STEEL_I_SECTION>
         <STEEL_I_SECTION>
               <DESIGNATION>HE</DESIGNATION>
               <EDI_STD>HEM320</EDI_STD>
               <LABEL>HEM320</LABEL>
               <A>31203.85714</A>
               <D>359</D>
               <BF>309</BF>
               <TW>21</TW>
               <TF>40</TF>
               <I33>681348172.5</I33>
               <Z33>4434861.622</Z33>
               <I22>196994080</I22>
               <Z22>1950724.914</Z22>
         </STEEL_I_SECTION>
         <STEEL_I_SECTION>
               <DESIGNATION>HE</DESIGNATION>
               <EDI_STD>HEAA600</EDI_STD>
               <LABEL>HEAA600</LABEL>
               <A>16404.85714</A>
               <D>571</D>
               <BF>300</BF>
               <TW>12</TW>
               <TF>15.5</TF>
               <I33>918718628.7</I33>
               <Z33>3622797.682</Z33>
               <I22>69867939.88</I22>
               <Z22>724469.1828</Z22>
         </STEEL_I_SECTION>
         <STEEL_I_SECTION>
               <DESIGNATION>HE</DESIGNATION>
               <EDI_STD>HEA600</EDI_STD>
               <LABEL>HEA600</LABEL>
               <A>22644.85714</A>
               <D>590</D>
               <BF>300</BF>
               <TW>13</TW>
               <TF>25</TF>
               <I33>1412080354</I33>
               <Z33>5350113.976</Z33>
               <I22>112643095.8</I22>
               <Z22>1155657.07</Z22>
         </STEEL_I_SECTION>
         <STEEL_I_SECTION>
               <DESIGNATION>HE</DESIGNATION>
               <EDI_STD>HEB600</EDI_STD>
               <LABEL>HEB600</LABEL>
               <A>26994.85714</A>
               <D>600</D>
               <BF>300</BF>
               <TW>15.5</TW>
               <TF>30</TF>
               <I33>1710410354</I33>
               <Z33>6424859.394</Z33>
               <I22>135223301.2</I22>
               <Z22>1391058.037</Z22>
         </STEEL_I_SECTION>
         <STEEL_I_SECTION>
               <DESIGNATION>HE</DESIGNATION>
               <EDI_STD>HEM600</EDI_STD>
               <LABEL>HEM600</LABEL>
               <A>36364.85714</A>
               <D>620</D>
               <BF>305</BF>
               <TW>21</TW>
               <TF>40</TF>
               <I33>2374474687</I33>
               <Z33>8771800.229</Z33>
               <I22>189655480.1</I22>
               <Z22>1930380.164</Z22>
         </STEEL_I_SECTION>
         <STEEL_I_SECTION>
               <DESIGNATION>HE</DESIGNATION>
               <EDI_STD>HEAA700</EDI_STD>
               <LABEL>HEAA700</LABEL>
               <A>19092.85714</A>
               <D>670</D>
               <BF>300</BF>
               <TW>13</TW>
               <TF>17</TF>
               <I33>1427205176</I33>
               <Z33>4839826.45</Z33>
               <I22>76660671.77</I22>
               <Z22>799713.0696</Z22>
         </STEEL_I_SECTION>
         <STEEL_I_SECTION>
               <DESIGNATION>HE</DESIGNATION>
               <EDI_STD>HEA700</EDI_STD>
               <LABEL>HEA700</LABEL>
               <A>26046.85714</A>
               <D>690</D>
               <BF>300</BF>
               <TW>14.5</TW>
               <TF>27</TF>
               <I33>2153012608</I33>
               <Z33>7031503.286</Z33>
               <I22>121712470.9</I22>
               <Z22>1256741.15</Z22>
         </STEEL_I_SECTION>
         <STEEL_I_SECTION>
               <DESIGNATION>HE</DESIGNATION>
               <EDI_STD>HEB700</EDI_STD>
               <LABEL>HEB700</LABEL>
               <A>30636.85714</A>
               <D>700</D>
               <BF>300</BF>
               <TW>17</TW>
               <TF>32</TF>
               <I33>2568883328</I33>
               <Z33>8326808.704</Z33>
               <I22>144323952.2</I22>
               <Z22>1495044.617</Z22>
         </STEEL_I_SECTION>
         <STEEL_I_SECTION>
               <DESIGNATION>HE</DESIGNATION>
               <EDI_STD>HEM700</EDI_STD>
               <LABEL>HEM700</LABEL>
               <A>38300.85714</A>
               <D>716</D>
               <BF>304</BF>
               <TW>21</TW>
               <TF>40</TF>
               <I33>3292779626</I33>
               <Z33>10538657.37</Z33>
               <I22>187875161.4</I22>
               <Z22>1928784.164</Z22>
         </STEEL_I_SECTION>
         <STEEL_I_SECTION>
               <DESIGNATION>HE</DESIGNATION>
               <EDI_STD>HEAA800</EDI_STD>
               <LABEL>HEAA800</LABEL>
               <A>21847.42857</A>
               <D>770</D>
               <BF>300</BF>
               <TW>14</TW>
               <TF>18</TF>
               <I33>2088821026</I33>
               <Z33>6224362.223</Z33>
               <I22>81232451.59</I22>
               <Z22>856551.6171</Z22>
         </STEEL_I_SECTION>
         <STEEL_I_SECTION>
               <DESIGNATION>HE</DESIGNATION>
               <EDI_STD>HEA800</EDI_STD>
               <LABEL>HEA800</LABEL>
               <A>28581.42857</A>
               <D>790</D>
               <BF>300</BF>
               <TW>15</TW>
               <TF>28</TF>
               <I33>3034424935</I33>
               <Z33>8699039.909</Z33>
               <I22>126276821.4</I22>
               <Z22>1312259.397</Z22>
         </STEEL_I_SECTION>
         <STEEL_I_SECTION>
               <DESIGNATION>HE</DESIGNATION>
               <EDI_STD>HEB800</EDI_STD>
               <LABEL>HEB800</LABEL>
               <A>33416.42857</A>
               <D>800</D>
               <BF>300</BF>
               <TW>17.5</TW>
               <TF>33</TF>
               <I33>3590834707</I33>
               <Z33>10228256.75</Z33>
               <I22>148914323.1</I22>
               <Z22>1553134.472</Z22>
         </STEEL_I_SECTION>
         <STEEL_I_SECTION>
               <DESIGNATION>HE</DESIGNATION>
               <EDI_STD>HEM800</EDI_STD>
               <LABEL>HEM800</LABEL>
               <A>40425.42857</A>
               <D>814</D>
               <BF>303</BF>
               <TW>21</TW>
               <TF>40</TF>
               <I33>4425978547</I33>
               <Z33>12487240.33</Z33>
               <I22>186133782.2</I22>
               <Z22>1930393.077</Z22>
         </STEEL_I_SECTION>
         <STEEL_I_SECTION>
               <DESIGNATION>HE</DESIGNATION>
               <EDI_STD>HE800X373</EDI_STD>
               <LABEL>HE800X373</LABEL>
               <A>47457.42857</A>
               <D>826</D>
               <BF>308</BF>
               <TW>25</TW>
               <TF>46</TF>
               <I33>5239063803</I33>
               <Z33>14696149.54</Z33>
               <I22>225110620.3</I22>
               <Z22>2311394.197</Z22>
         </STEEL_I_SECTION>
         <STEEL_I_SECTION>
               <DESIGNATION>HE</DESIGNATION>
               <EDI_STD>HEAA900</EDI_STD>
               <LABEL>HEAA900</LABEL>
               <A>25221.42857</A>
               <D>870</D>
               <BF>300</BF>
               <TW>15</TW>
               <TF>20</TF>
               <I33>3011449408</I33>
               <Z33>7998317.531</Z33>
               <I22>90303821.41</I22>
               <Z22>957659.3971</Z22>
         </STEEL_I_SECTION>
         <STEEL_I_SECTION>
               <DESIGNATION>HE</DESIGNATION>
               <EDI_STD>HEA900</EDI_STD>
               <LABEL>HEA900</LABEL>
               <A>32051.42857</A>
               <D>890</D>
               <BF>300</BF>
               <TW>16</TW>
               <TF>30</TF>
               <I33>4220748325</I33>
               <Z33>10810531.22</Z33>
               <I22>135359850.5</I22>
               <Z22>1414478.177</Z22>
         </STEEL_I_SECTION>
         <STEEL_I_SECTION>
               <DESIGNATION>HE</DESIGNATION>
               <EDI_STD>HEB900</EDI_STD>
               <LABEL>HEB900</LABEL>
               <A>37126.42857</A>
               <D>900</D>
               <BF>300</BF>
               <TW>18.5</TW>
               <TF>35</TF>
               <I33>4940645617</I33>
               <Z33>12583588.06</Z33>
               <I22>158031571</I22>
               <Z22>1658340.752</Z22>
         </STEEL_I_SECTION>
         <STEEL_I_SECTION>
               <DESIGNATION>HE</DESIGNATION>
               <EDI_STD>HEM900</EDI_STD>
               <LABEL>HEM900</LABEL>
               <A>42360</A>
               <D>910</D>
               <BF>302</BF>
               <TW>21</TW>
               <TF>40</TF>
               <I33>5990233742</I33>
               <Z33>15474594.9</Z33>
               <I22>185155258.4</I22>
               <Z22>1990954.757</Z22>
         </STEEL_I_SECTION>
         <STEEL_I_SECTION>
               <DESIGNATION>IPE</DESIGNATION>
               <EDI_STD>IPEA300</EDI_STD>
               <LABEL>IPEA300</LABEL>
               <A>4652.317143</A>
               <D>297</D>
               <BF>150</BF>
               <TW>6.1</TW>
               <TF>9.2</TF>
               <I33>71734909.11</I33>
               <Z33>541746.5746</Z33>
               <I22>5183858.016</I22>
               <Z22>107327.9656</Z22>
         </STEEL_I_SECTION>
         <STEEL_I_SECTION>
               <DESIGNATION>IPE</DESIGNATION>
               <EDI_STD>IPE300</EDI_STD>
               <LABEL>IPE300</LABEL>
               <A>5380.917143</A>
               <D>300</D>
               <BF>150</BF>
               <TW>7.1</TW>
               <TF>10.7</TF>
               <I33>83561026.92</I33>
               <Z33>628313.1403</Z33>
               <I22>6031328.283</I22>
               <Z22>125218.9156</Z22>
         </STEEL_I_SECTION>
         <STEEL_I_SECTION>
               <DESIGNATION>IPE</DESIGNATION>
               <EDI_STD>IPEO300</EDI_STD>
               <LABEL>IPEO300</LABEL>
               <A>6282.457143</A>
               <D>304</D>
               <BF>152</BF>
               <TW>8</TW>
               <TF>12.7</TF>
               <I33>99942004.25</I33>
               <Z33>743775.6356</Z33>
               <I22>7450177.676</I22>
               <Z22>152587.7721</Z22>
         </STEEL_I_SECTION>
         <STEEL_I_SECTION>
               <DESIGNATION>IPE</DESIGNATION>
               <EDI_STD>IPEA360</EDI_STD>
               <LABEL>IPEA360</LABEL>
               <A>6396.074286</A>
               <D>357.6</D>
               <BF>170</BF>
               <TW>6.6</TW>
               <TF>11.5</TF>
               <I33>145154472.2</I33>
               <Z33>906693.3473</Z33>
               <I22>9431201.658</I22>
               <Z22>171854.9779</Z22>
         </STEEL_I_SECTION>
         <STEEL_I_SECTION>
               <DESIGNATION>IPE</DESIGNATION>
               <EDI_STD>IPE360</EDI_STD>
               <LABEL>IPE360</LABEL>
               <A>7272.514286</A>
               <D>360</D>
               <BF>170</BF>
               <TW>8</TW>
               <TF>12.7</TF>
               <I33>162656174.4</I33>
               <Z33>1019073.065</Z33>
               <I22>10421569.76</I22>
               <Z22>191099.469</Z22>
         </STEEL_I_SECTION>
         <STEEL_I_SECTION>
               <DESIGNATION>IPE</DESIGNATION>
               <EDI_STD>IPEO360</EDI_STD>
               <LABEL>IPEO360</LABEL>
               <A>8412.834286</A>
               <D>364</D>
               <BF>172</BF>
               <TW>9.2</TW>
               <TF>14.7</TF>
               <I33>190474580.7</I33>
               <Z33>1186008.818</Z33>
               <I22>12498029.85</I22>
               <Z22>226920.2779</Z22>
         </STEEL_I_SECTION>
         <STEEL_I_SECTION>
               <DESIGNATION>IPE</DESIGNATION>
               <EDI_STD>IPEA400</EDI_STD>
               <LABEL>IPEA400</LABEL>
               <A>7309</A>
               <D>397</D>
               <BF>180</BF>
               <TW>7</TW>
               <TF>12</TF>
               <I33>202925702.1</I33>
               <Z33>1143790.147</Z33>
               <I22>11685744.18</I22>
               <Z22>202070.1405</Z22>
         </STEEL_I_SECTION>
         <STEEL_I_SECTION>
               <DESIGNATION>IPE</DESIGNATION>
               <EDI_STD>IPE400</EDI_STD>
               <LABEL>IPE400</LABEL>
               <A>8445.8</A>
               <D>400</D>
               <BF>180</BF>
               <TW>8.6</TW>
               <TF>13.5</TF>
               <I33>231283456</I33>
               <Z33>1307035.915</Z33>
               <I22>13155350.83</I22>
               <Z22>229000.504</Z22>
         </STEEL_I_SECTION>
         <STEEL_I_SECTION>
               <DESIGNATION>IPE</DESIGNATION>
               <EDI_STD>IPEO400</EDI_STD>
               <LABEL>IPEO400</LABEL>
               <A>9638.1</A>
               <D>404</D>
               <BF>182</BF>
               <TW>9.7</TW>
               <TF>15.5</TF>
               <I33>267470159.6</I33>
               <Z33>1502058.782</Z33>
               <I22>15617747.77</I22>
               <Z22>269096.8315</Z22>
         </STEEL_I_SECTION>
         <STEEL_I_SECTION>
               <DESIGNATION>IPE</DESIGNATION>
               <EDI_STD>IPEA450</EDI_STD>
               <LABEL>IPEA450</LABEL>
               <A>8554.08</A>
               <D>447</D>
               <BF>190</BF>
               <TW>7.6</TW>
               <TF>13.1</TF>
               <I33>297588013.5</I33>
               <Z33>1494163.103</Z33>
               <I22>15002839.13</I22>
               <Z22>245745.8088</Z22>
         </STEEL_I_SECTION>
         <STEEL_I_SECTION>
               <DESIGNATION>IPE</DESIGNATION>
               <EDI_STD>IPE450</EDI_STD>
               <LABEL>IPE450</LABEL>
               <A>9881.52</A>
               <D>450</D>
               <BF>190</BF>
               <TW>9.4</TW>
               <TF>14.6</TF>
               <I33>337429141</I33>
               <Z33>1701667.46</Z33>
               <I22>16734369.68</I22>
               <Z22>276380.6278</Z22>
         </STEEL_I_SECTION>
         <STEEL_I_SECTION>
               <DESIGNATION>IPE</DESIGNATION>
               <EDI_STD>IPEO450</EDI_STD>
               <LABEL>IPEO450</LABEL>
               <A>11765.2</A>
               <D>456</D>
               <BF>192</BF>
               <TW>11</TW>
               <TF>17.6</TF>
               <I33>409233958.1</I33>
               <Z33>2046136.532</Z33>
               <I22>20826713.39</I22>
               <Z22>340990.3993</Z22>
         </STEEL_I_SECTION>
         <STEEL_I_SECTION>
               <DESIGNATION>IPE</DESIGNATION>
               <EDI_STD>IPEA500</EDI_STD>
               <LABEL>IPEA500</LABEL>
               <A>10109.2</A>
               <D>497</D>
               <BF>200</BF>
               <TW>8.4</TW>
               <TF>14.5</TF>
               <I33>429334091.9</I33>
               <Z33>1945868.411</Z33>
               <I22>19369690.19</I22>
               <Z22>301621.3986</Z22>
         </STEEL_I_SECTION>
         <STEEL_I_SECTION>
               <DESIGNATION>IPE</DESIGNATION>
               <EDI_STD>IPE500</EDI_STD>
               <LABEL>IPE500</LABEL>
               <A>11551.6</A>
               <D>500</D>
               <BF>200</BF>
               <TW>10.2</TW>
               <TF>16</TF>
               <I33>481985026.7</I33>
               <Z33>2193978.379</Z33>
               <I22>21391282.57</I22>
               <Z22>335879.2576</Z22>
         </STEEL_I_SECTION>
         <STEEL_I_SECTION>
               <DESIGNATION>IPE</DESIGNATION>
               <EDI_STD>IPEO500</EDI_STD>
               <LABEL>IPEO500</LABEL>
               <A>13670</A>
               <D>506</D>
               <BF>202</BF>
               <TW>12</TW>
               <TF>19</TF>
               <I33>577772608.9</I33>
               <Z33>2612843.516</Z33>
               <I22>26188846.78</I22>
               <Z22>408533.2765</Z22>
         </STEEL_I_SECTION>
         <STEEL_I_SECTION>
               <DESIGNATION>IPE</DESIGNATION>
               <EDI_STD>IPEA600</EDI_STD>
               <LABEL>IPEA600</LABEL>
               <A>13701.31429</A>
               <D>597</D>
               <BF>220</BF>
               <TW>9.8</TW>
               <TF>17.5</TF>
               <I33>829188025.5</I33>
               <Z33>3140962.861</Z33>
               <I22>31123677.73</I22>
               <Z22>442067.3491</Z22>
         </STEEL_I_SECTION>
         <STEEL_I_SECTION>
               <DESIGNATION>IPE</DESIGNATION>
               <EDI_STD>IPE600</EDI_STD>
               <LABEL>IPE600</LABEL>
               <A>15597.71429</A>
               <D>600</D>
               <BF>220</BF>
               <TW>12</TW>
               <TF>19</TF>
               <I33>920833980.7</I33>
               <Z33>3512180.975</Z33>
               <I22>33828697.9</I22>
               <Z22>485649.6113</Z22>
         </STEEL_I_SECTION>
         <STEEL_I_SECTION>
               <DESIGNATION>IPE</DESIGNATION>
               <EDI_STD>IPEO600</EDI_STD>
               <LABEL>IPEO600</LABEL>
               <A>19675.71429</A>
               <D>610</D>
               <BF>224</BF>
               <TW>15</TW>
               <TF>24</TF>
               <I33>1183020620</I33>
               <Z33>4470816.355</Z33>
               <I22>45155205.48</I22>
               <Z22>640083.7689</Z22>
         </STEEL_I_SECTION>
         <STEEL_I_SECTION>
               <DESIGNATION>IPE</DESIGNATION>
               <EDI_STD>IPEA100X55X6.9</EDI_STD>
               <LABEL>IPEA100X55X6.9</LABEL>
               <A>877.96</A>
               <D>98</D>
               <BF>55</BF>
               <TW>3.6</TW>
               <TF>4.7</TF>
               <I33>1411603.293</I33>
               <Z33>32977.54855</Z33>
               <I22>130915.7965</I22>
               <Z22>7537.30081</Z22>
         </STEEL_I_SECTION>
         <STEEL_I_SECTION>
               <DESIGNATION>IPE</DESIGNATION>
               <EDI_STD>IPE100X55X8.1</EDI_STD>
               <LABEL>IPE100X55X8.1</LABEL>
               <A>1032.26</A>
               <D>100</D>
               <BF>55</BF>
               <TW>4.1</TW>
               <TF>5.7</TF>
               <I33>1710119.395</I33>
               <Z33>39403.73195</Z33>
               <I22>158854.5357</I22>
               <Z22>9145.59371</Z22>
         </STEEL_I_SECTION>
         <STEEL_I_SECTION>
               <DESIGNATION>IPE</DESIGNATION>
               <EDI_STD>IPEA120X64X8.7</EDI_STD>
               <LABEL>IPEA120X64X8.7</LABEL>
               <A>1102.92</A>
               <D>117.6</D>
               <BF>64</BF>
               <TW>3.8</TW>
               <TF>5.1</TF>
               <I33>2573615.302</I33>
               <Z33>49867.33191</Z33>
               <I22>223575.1829</I22>
               <Z22>10978.20697</Z22>
         </STEEL_I_SECTION>
         <STEEL_I_SECTION>
               <DESIGNATION>IPE</DESIGNATION>
               <EDI_STD>IPE120X64X10.4</EDI_STD>
               <LABEL>IPE120X64X10.4</LABEL>
               <A>1320.96</A>
               <D>120</D>
               <BF>64</BF>
               <TW>4.4</TW>
               <TF>6.3</TF>
               <I33>3177531.492</I33>
               <Z33>60721.31199</Z33>
               <I22>276332.649</I22>
               <Z22>13580.52745</Z22>
         </STEEL_I_SECTION>
         <STEEL_I_SECTION>
               <DESIGNATION>IPE</DESIGNATION>
               <EDI_STD>IPEA140X73X10.5</EDI_STD>
               <LABEL>IPEA140X73X10.5</LABEL>
               <A>1339.16</A>
               <D>137.4</D>
               <BF>73</BF>
               <TW>3.8</TW>
               <TF>5.6</TF>
               <I33>4348638.603</I33>
               <Z33>71594.03711</Z33>
               <I22>363921.2824</I22>
               <Z22>15522.47497</Z22>
         </STEEL_I_SECTION>
         <STEEL_I_SECTION>
               <DESIGNATION>IPE</DESIGNATION>
               <EDI_STD>IPE140X73X12.9</EDI_STD>
               <LABEL>IPE140X73X12.9</LABEL>
               <A>1642.54</A>
               <D>140</D>
               <BF>73</BF>
               <TW>4.7</TW>
               <TF>6.9</TF>
               <I33>5412237.478</I33>
               <Z33>88340.03603</Z33>
               <I22>448812.0001</I22>
               <Z22>19246.61019</Z22>
         </STEEL_I_SECTION>
         <STEEL_I_SECTION>
               <DESIGNATION>IPE</DESIGNATION>
               <EDI_STD>IPEA160X82X12.7</EDI_STD>
               <LABEL>IPEA160X82X12.7</LABEL>
               <A>1617.828571</A>
               <D>157</D>
               <BF>82</BF>
               <TW>4</TW>
               <TF>5.9</TF>
               <I33>6892752.996</I33>
               <Z33>99085.33567</Z33>
               <I22>543493.4874</I22>
               <Z22>20695.45862</Z22>
         </STEEL_I_SECTION>
         <STEEL_I_SECTION>
               <DESIGNATION>IPE</DESIGNATION>
               <EDI_STD>IPE160X82X15.8</EDI_STD>
               <LABEL>IPE160X82X15.8</LABEL>
               <A>2009.028571</A>
               <D>160</D>
               <BF>82</BF>
               <TW>5</TW>
               <TF>7.4</TF>
               <I33>8692922.28</I33>
               <Z33>123851.4429</Z33>
               <I22>682245.5639</I22>
               <Z22>26099.92382</Z22>
         </STEEL_I_SECTION>
         <STEEL_I_SECTION>
               <DESIGNATION>IPE</DESIGNATION>
               <EDI_STD>IPEA180X91X15.4</EDI_STD>
               <LABEL>IPEA180X91X15.4</LABEL>
               <A>1957.628571</A>
               <D>177</D>
               <BF>91</BF>
               <TW>4.3</TW>
               <TF>6.5</TF>
               <I33>10627353.32</I33>
               <Z33>135316.6331</Z33>
               <I22>818043.6757</I22>
               <Z22>27960.62818</Z22>
         </STEEL_I_SECTION>
         <STEEL_I_SECTION>
               <DESIGNATION>IPE</DESIGNATION>
               <EDI_STD>IPE180X91X18.8</EDI_STD>
               <LABEL>IPE180X91X18.8</LABEL>
               <A>2394.628571</A>
               <D>180</D>
               <BF>91</BF>
               <TW>5.3</TW>
               <TF>8</TF>
               <I33>13169581.74</I33>
               <Z33>166405.7304</Z33>
               <I22>1007566.888</I22>
               <Z22>34599.74338</Z22>
         </STEEL_I_SECTION>
         <STEEL_I_SECTION>
               <DESIGNATION>IPE</DESIGNATION>
               <EDI_STD>IPEO180X92X21.3</EDI_STD>
               <LABEL>IPEO180X92X21.3</LABEL>
               <A>2709.428571</A>
               <D>182</D>
               <BF>92</BF>
               <TW>6</TW>
               <TF>9</TF>
               <I33>15052329.47</I33>
               <Z33>189140.4286</Z33>
               <I22>1171903.272</I22>
               <Z22>39912.38902</Z22>
         </STEEL_I_SECTION>
         <STEEL_I_SECTION>
               <DESIGNATION>IPE</DESIGNATION>
               <EDI_STD>IPEA200X100X18.4</EDI_STD>
               <LABEL>IPEA200X100X18.4</LABEL>
               <A>2346.928571</A>
               <D>197</D>
               <BF>100</BF>
               <TW>4.5</TW>
               <TF>7</TF>
               <I33>15914659</I33>
               <Z33>181636.1995</Z33>
               <I22>1169434.61</I22>
               <Z22>36535.93172</Z22>
         </STEEL_I_SECTION>
         <STEEL_I_SECTION>
               <DESIGNATION>IPE</DESIGNATION>
               <EDI_STD>IPE200X100X22.4</EDI_STD>
               <LABEL>IPE200X100X22.4</LABEL>
               <A>2848.228571</A>
               <D>200</D>
               <BF>100</BF>
               <TW>5.6</TW>
               <TF>8.5</TF>
               <I33>19431661.98</I33>
               <Z33>220620.4029</Z33>
               <I22>1421096.8</I22>
               <Z22>44612.1995</Z22>
         </STEEL_I_SECTION>
         <STEEL_I_SECTION>
               <DESIGNATION>IPE</DESIGNATION>
               <EDI_STD>IPEO200X102X25.1</EDI_STD>
               <LABEL>IPEO200X102X25.1</LABEL>
               <A>3196.028571</A>
               <D>202</D>
               <BF>102</BF>
               <TW>6.2</TW>
               <TF>9.5</TF>
               <I33>22110473.16</I33>
               <Z33>249401.0719</Z33>
               <I22>1685867.848</I22>
               <Z22>51892.19238</Z22>
         </STEEL_I_SECTION>
         <STEEL_I_SECTION>
               <DESIGNATION>IPE</DESIGNATION>
               <EDI_STD>IPEA220X110X22.2</EDI_STD>
               <LABEL>IPEA220X110X22.2</LABEL>
               <A>2825.428571</A>
               <D>217</D>
               <BF>110</BF>
               <TW>5</TW>
               <TF>7.7</TF>
               <I33>23165051.68</I33>
               <Z33>240189.1335</Z33>
               <I22>1711755.548</I22>
               <Z22>48485.39662</Z22>
         </STEEL_I_SECTION>
         <STEEL_I_SECTION>
               <DESIGNATION>IPE</DESIGNATION>
               <EDI_STD>IPE220X110X26.2</EDI_STD>
               <LABEL>IPE220X110X26.2</LABEL>
               <A>3336.868571</A>
               <D>220</D>
               <BF>110</BF>
               <TW>5.9</TW>
               <TF>9.2</TF>
               <I33>27718364.68</I33>
               <Z33>285385.9379</Z33>
               <I22>2046183.92</I22>
               <Z22>58110.44494</Z22>
         </STEEL_I_SECTION>
         <STEEL_I_SECTION>
               <DESIGNATION>IPE</DESIGNATION>
               <EDI_STD>IPEO220X112X29.3</EDI_STD>
               <LABEL>IPEO220X112X29.3</LABEL>
               <A>3738.788571</A>
               <D>222</D>
               <BF>112</BF>
               <TW>6.6</TW>
               <TF>10.2</TF>
               <I33>31340512.51</I33>
               <Z33>321128.9249</Z33>
               <I22>2395364.145</I22>
               <Z22>66909.1083</Z22>
         </STEEL_I_SECTION>
         <STEEL_I_SECTION>
               <DESIGNATION>IPE</DESIGNATION>
               <EDI_STD>IPEA240X120X26.1</EDI_STD>
               <LABEL>IPEA240X120X26.1</LABEL>
               <A>3330.937143</A>
               <D>237</D>
               <BF>120</BF>
               <TW>5.2</TW>
               <TF>8.3</TF>
               <I33>32904562.37</I33>
               <Z33>311537.5053</Z33>
               <I22>2396040.883</I22>
               <Z22>62399.28014</Z22>
         </STEEL_I_SECTION>
         <STEEL_I_SECTION>
               <DESIGNATION>IPE</DESIGNATION>
               <EDI_STD>IPE240X120X30.7</EDI_STD>
               <LABEL>IPE240X120X30.7</LABEL>
               <A>3911.337143</A>
               <D>240</D>
               <BF>120</BF>
               <TW>6.2</TW>
               <TF>9.8</TF>
               <I33>38916214.51</I33>
               <Z33>366611.121</Z33>
               <I22>2830429.27</I22>
               <Z22>73923.99014</Z22>
         </STEEL_I_SECTION>
         <STEEL_I_SECTION>
               <DESIGNATION>IPE</DESIGNATION>
               <EDI_STD>IPEO240X122X34.3</EDI_STD>
               <LABEL>IPEO240X122X34.3</LABEL>
               <A>4370.857143</A>
               <D>242</D>
               <BF>122</BF>
               <TW>7</TW>
               <TF>10.8</TF>
               <I33>43692557.27</I33>
               <Z33>410239.9901</Z33>
               <I22>3279022.553</I22>
               <Z22>84396.70214</Z22>
         </STEEL_I_SECTION>
         <STEEL_I_SECTION>
               <DESIGNATION>IPE</DESIGNATION>
               <EDI_STD>IPEA270X135X30.7</EDI_STD>
               <LABEL>IPEA270X135X30.7</LABEL>
               <A>3914.657143</A>
               <D>267</D>
               <BF>135</BF>
               <TW>5.5</TW>
               <TF>8.7</TF>
               <I33>49172929.41</I33>
               <Z33>412454.9684</Z33>
               <I22>3574230.672</I22>
               <Z22>82344.69714</Z22>
         </STEEL_I_SECTION>
         <STEEL_I_SECTION>
               <DESIGNATION>IPE</DESIGNATION>
               <EDI_STD>IPE270X135X36.1</EDI_STD>
               <LABEL>IPE270X135X36.1</LABEL>
               <A>4594.217143</A>
               <D>270</D>
               <BF>135</BF>
               <TW>6.6</TW>
               <TF>10.2</TF>
               <I33>57897773.32</I33>
               <Z33>483958.3381</Z33>
               <I22>4192533.874</I22>
               <Z22>96950.21814</Z22>
         </STEEL_I_SECTION>
         <STEEL_I_SECTION>
               <DESIGNATION>IPE</DESIGNATION>
               <EDI_STD>IPEO270X136X42.3</EDI_STD>
               <LABEL>IPEO270X136X42.3</LABEL>
               <A>5383.257143</A>
               <D>274</D>
               <BF>136</BF>
               <TW>7.5</TW>
               <TF>12.2</TF>
               <I33>69470444.32</I33>
               <Z33>574609.2684</Z33>
               <I22>5128103.56</I22>
               <Z22>117707.0871</Z22>
         </STEEL_I_SECTION>
         <STEEL_I_SECTION>
               <DESIGNATION>IPE</DESIGNATION>
               <EDI_STD>IPEA300X150X36.5</EDI_STD>
               <LABEL>IPEA300X150X36.5</LABEL>
               <A>4652.317143</A>
               <D>297</D>
               <BF>150</BF>
               <TW>6.1</TW>
               <TF>9.2</TF>
               <I33>71734909.11</I33>
               <Z33>541746.5746</Z33>
               <I22>5183858.016</I22>
               <Z22>107327.9656</Z22>
         </STEEL_I_SECTION>
         <STEEL_I_SECTION>
               <DESIGNATION>IPE</DESIGNATION>
               <EDI_STD>IPE300X150X42.2</EDI_STD>
               <LABEL>IPE300X150X42.2</LABEL>
               <A>5380.917143</A>
               <D>300</D>
               <BF>150</BF>
               <TW>7.1</TW>
               <TF>10.7</TF>
               <I33>83561026.92</I33>
               <Z33>628313.1403</Z33>
               <I22>6031328.283</I22>
               <Z22>125218.9156</Z22>
         </STEEL_I_SECTION>
         <STEEL_I_SECTION>
               <DESIGNATION>IPE</DESIGNATION>
               <EDI_STD>IPEO300X152X49.3</EDI_STD>
               <LABEL>IPEO300X152X49.3</LABEL>
               <A>6282.457143</A>
               <D>304</D>
               <BF>152</BF>
               <TW>8</TW>
               <TF>12.7</TF>
               <I33>99942004.25</I33>
               <Z33>743775.6356</Z33>
               <I22>7450177.676</I22>
               <Z22>152587.7721</Z22>
         </STEEL_I_SECTION>
         <STEEL_I_SECTION>
               <DESIGNATION>NPB</DESIGNATION>
               <EDI_STD>NPB300X150X36.5</EDI_STD>
               <LABEL>NPB300X150X36.5</LABEL>
               <A>4652.317143</A>
               <D>297</D>
               <BF>150</BF>
               <TW>6.1</TW>
               <TF>9.2</TF>
               <I33>71734909.11</I33>
               <Z33>541746.5746</Z33>
               <I22>5183858.016</I22>
               <Z22>107327.9656</Z22>
         </STEEL_I_SECTION>
         <STEEL_I_SECTION>
               <DESIGNATION>NPB</DESIGNATION>
               <EDI_STD>NPB300X150X42.2</EDI_STD>
               <LABEL>NPB300X150X42.2</LABEL>
               <A>5380.917143</A>
               <D>300</D>
               <BF>150</BF>
               <TW>7.1</TW>
               <TF>10.7</TF>
               <I33>83561026.92</I33>
               <Z33>628313.1403</Z33>
               <I22>6031328.283</I22>
               <Z22>125218.9156</Z22>
         </STEEL_I_SECTION>
         <STEEL_I_SECTION>
               <DESIGNATION>NPB</DESIGNATION>
               <EDI_STD>NPB300X150X49.3</EDI_STD>
               <LABEL>NPB300X150X49.3</LABEL>
               <A>6282.457143</A>
               <D>304</D>
               <BF>152</BF>
               <TW>8</TW>
               <TF>12.7</TF>
               <I33>99942004.25</I33>
               <Z33>743775.6356</Z33>
               <I22>7450177.676</I22>
               <Z22>152587.7721</Z22>
         </STEEL_I_SECTION>
         <STEEL_I_SECTION>
               <DESIGNATION>NPB</DESIGNATION>
               <EDI_STD>NPB350X170X50.2</EDI_STD>
               <LABEL>NPB350X170X50.2</LABEL>
               <A>6396.074286</A>
               <D>357.6</D>
               <BF>170</BF>
               <TW>6.6</TW>
               <TF>11.5</TF>
               <I33>145154472.2</I33>
               <Z33>906693.3473</Z33>
               <I22>9431201.658</I22>
               <Z22>171854.9779</Z22>
         </STEEL_I_SECTION>
         <STEEL_I_SECTION>
               <DESIGNATION>NPB</DESIGNATION>
               <EDI_STD>NPB350X170X57.1</EDI_STD>
               <LABEL>NPB350X170X57.1</LABEL>
               <A>7272.514286</A>
               <D>360</D>
               <BF>170</BF>
               <TW>8</TW>
               <TF>12.7</TF>
               <I33>162656174.4</I33>
               <Z33>1019073.065</Z33>
               <I22>10421569.76</I22>
               <Z22>191099.469</Z22>
         </STEEL_I_SECTION>
         <STEEL_I_SECTION>
               <DESIGNATION>NPB</DESIGNATION>
               <EDI_STD>NPB350X170X66</EDI_STD>
               <LABEL>NPB350X170X66</LABEL>
               <A>8412.834286</A>
               <D>364</D>
               <BF>172</BF>
               <TW>9.2</TW>
               <TF>14.7</TF>
               <I33>190474580.7</I33>
               <Z33>1186008.818</Z33>
               <I22>12498029.85</I22>
               <Z22>226920.2779</Z22>
         </STEEL_I_SECTION>
         <STEEL_I_SECTION>
               <DESIGNATION>NPB</DESIGNATION>
               <EDI_STD>NPB400X180X57.4</EDI_STD>
               <LABEL>NPB400X180X57.4</LABEL>
               <A>7309</A>
               <D>397</D>
               <BF>180</BF>
               <TW>7</TW>
               <TF>12</TF>
               <I33>202925702.1</I33>
               <Z33>1143790.147</Z33>
               <I22>11685744.18</I22>
               <Z22>202070.1405</Z22>
         </STEEL_I_SECTION>
         <STEEL_I_SECTION>
               <DESIGNATION>NPB</DESIGNATION>
               <EDI_STD>NPB400X180X66.3</EDI_STD>
               <LABEL>NPB400X180X66.3</LABEL>
               <A>8445.8</A>
               <D>400</D>
               <BF>180</BF>
               <TW>8.6</TW>
               <TF>13.5</TF>
               <I33>231283456</I33>
               <Z33>1307035.915</Z33>
               <I22>13155350.83</I22>
               <Z22>229000.504</Z22>
         </STEEL_I_SECTION>
         <STEEL_I_SECTION>
               <DESIGNATION>NPB</DESIGNATION>
               <EDI_STD>NPB400X180X75.7</EDI_STD>
               <LABEL>NPB400X180X75.7</LABEL>
               <A>9638.1</A>
               <D>404</D>
               <BF>182</BF>
               <TW>9.7</TW>
               <TF>15.5</TF>
               <I33>267470159.6</I33>
               <Z33>1502058.782</Z33>
               <I22>15617747.77</I22>
               <Z22>269096.8315</Z22>
         </STEEL_I_SECTION>
         <STEEL_I_SECTION>
               <DESIGNATION>NPB</DESIGNATION>
               <EDI_STD>NPB450X190X67.1</EDI_STD>
               <LABEL>NPB450X190X67.1</LABEL>
               <A>8554.08</A>
               <D>447</D>
               <BF>190</BF>
               <TW>7.6</TW>
               <TF>13.1</TF>
               <I33>297588013.5</I33>
               <Z33>1494163.103</Z33>
               <I22>15002839.13</I22>
               <Z22>245745.8088</Z22>
         </STEEL_I_SECTION>
         <STEEL_I_SECTION>
               <DESIGNATION>NPB</DESIGNATION>
               <EDI_STD>NPB450X190X77.6</EDI_STD>
               <LABEL>NPB450X190X77.6</LABEL>
               <A>9881.52</A>
               <D>450</D>
               <BF>190</BF>
               <TW>9.4</TW>
               <TF>14.6</TF>
               <I33>337429141</I33>
               <Z33>1701667.46</Z33>
               <I22>16734369.68</I22>
               <Z22>276380.6278</Z22>
         </STEEL_I_SECTION>
         <STEEL_I_SECTION>
               <DESIGNATION>NPB</DESIGNATION>
               <EDI_STD>NPB450X190X92.4</EDI_STD>
               <LABEL>NPB450X190X92.4</LABEL>
               <A>11765.2</A>
               <D>456</D>
               <BF>192</BF>
               <TW>11</TW>
               <TF>17.6</TF>
               <I33>409233958.1</I33>
               <Z33>2046136.532</Z33>
               <I22>20826713.39</I22>
               <Z22>340990.3993</Z22>
         </STEEL_I_SECTION>
         <STEEL_I_SECTION>
               <DESIGNATION>NPB</DESIGNATION>
               <EDI_STD>NPB500X200X79.4</EDI_STD>
               <LABEL>NPB500X200X79.4</LABEL>
               <A>10109.2</A>
               <D>497</D>
               <BF>200</BF>
               <TW>8.4</TW>
               <TF>14.5</TF>
               <I33>429334091.9</I33>
               <Z33>1945868.411</Z33>
               <I22>19369690.19</I22>
               <Z22>301621.3986</Z22>
         </STEEL_I_SECTION>
         <STEEL_I_SECTION>
               <DESIGNATION>NPB</DESIGNATION>
               <EDI_STD>NPB500X200X90.7</EDI_STD>
               <LABEL>NPB500X200X90.7</LABEL>
               <A>11551.6</A>
               <D>500</D>
               <BF>200</BF>
               <TW>10.2</TW>
               <TF>16</TF>
               <I33>481985026.7</I33>
               <Z33>2193978.379</Z33>
               <I22>21391282.57</I22>
               <Z22>335879.2576</Z22>
         </STEEL_I_SECTION>
         <STEEL_I_SECTION>
               <DESIGNATION>NPB</DESIGNATION>
               <EDI_STD>NPB500X200X107.3</EDI_STD>
               <LABEL>NPB500X200X107.3</LABEL>
               <A>13670</A>
               <D>506</D>
               <BF>202</BF>
               <TW>12</TW>
               <TF>19</TF>
               <I33>577772608.9</I33>
               <Z33>2612843.516</Z33>
               <I22>26188846.78</I22>
               <Z22>408533.2765</Z22>
         </STEEL_I_SECTION>
         <STEEL_I_SECTION>
               <DESIGNATION>NPB</DESIGNATION>
               <EDI_STD>NPB600X220X107.6</EDI_STD>
               <LABEL>NPB600X220X107.6</LABEL>
               <A>13701.31429</A>
               <D>597</D>
               <BF>220</BF>
               <TW>9.8</TW>
               <TF>17.5</TF>
               <I33>829188025.5</I33>
               <Z33>3140962.861</Z33>
               <I22>31123677.73</I22>
               <Z22>442067.3491</Z22>
         </STEEL_I_SECTION>
         <STEEL_I_SECTION>
               <DESIGNATION>NPB</DESIGNATION>
               <EDI_STD>NPB600X220X122.4</EDI_STD>
               <LABEL>NPB600X220X122.4</LABEL>
               <A>15597.71429</A>
               <D>600</D>
               <BF>220</BF>
               <TW>12</TW>
               <TF>19</TF>
               <I33>920833980.7</I33>
               <Z33>3512180.975</Z33>
               <I22>33828697.9</I22>
               <Z22>485649.6113</Z22>
         </STEEL_I_SECTION>
         <STEEL_I_SECTION>
               <DESIGNATION>NPB</DESIGNATION>
               <EDI_STD>NPB600X220X154.5</EDI_STD>
               <LABEL>NPB600X220X154.5</LABEL>
               <A>19675.71429</A>
               <D>610</D>
               <BF>224</BF>
               <TW>15</TW>
               <TF>24</TF>
               <I33>1183020620</I33>
               <Z33>4470816.355</Z33>
               <I22>45155205.48</I22>
               <Z22>640083.7689</Z22>
         </STEEL_I_SECTION>
         <STEEL_I_SECTION>
               <DESIGNATION>NPB</DESIGNATION>
               <EDI_STD>NPB100X55X8.1</EDI_STD>
               <LABEL>NPB100X55X8.1</LABEL>
               <A>1032.26</A>
               <D>100</D>
               <BF>55</BF>
               <TW>4.1</TW>
               <TF>5.7</TF>
               <I33>1710119.395</I33>
               <Z33>39403.73195</Z33>
               <I22>158854.5357</I22>
               <Z22>9145.59371</Z22>
         </STEEL_I_SECTION>
         <STEEL_I_SECTION>
               <DESIGNATION>NPB</DESIGNATION>
               <EDI_STD>NPB120X60X10.4</EDI_STD>
               <LABEL>NPB120X60X10.4</LABEL>
               <A>1320.96</A>
               <D>120</D>
               <BF>64</BF>
               <TW>4.4</TW>
               <TF>6.3</TF>
               <I33>3177531.492</I33>
               <Z33>60721.31199</Z33>
               <I22>276332.649</I22>
               <Z22>13580.52745</Z22>
         </STEEL_I_SECTION>
         <STEEL_I_SECTION>
               <DESIGNATION>NPB</DESIGNATION>
               <EDI_STD>NPB140X70X12.9</EDI_STD>
               <LABEL>NPB140X70X12.9</LABEL>
               <A>1642.54</A>
               <D>140</D>
               <BF>73</BF>
               <TW>4.7</TW>
               <TF>6.9</TF>
               <I33>5412237.478</I33>
               <Z33>88340.03603</Z33>
               <I22>448812.0001</I22>
               <Z22>19246.61019</Z22>
         </STEEL_I_SECTION>
         <STEEL_I_SECTION>
               <DESIGNATION>NPB</DESIGNATION>
               <EDI_STD>NPB160X80X15.8</EDI_STD>
               <LABEL>NPB160X80X15.8</LABEL>
               <A>2009.028571</A>
               <D>160</D>
               <BF>82</BF>
               <TW>5</TW>
               <TF>7.4</TF>
               <I33>8692922.28</I33>
               <Z33>123851.4429</Z33>
               <I22>682245.5639</I22>
               <Z22>26099.92382</Z22>
         </STEEL_I_SECTION>
         <STEEL_I_SECTION>
               <DESIGNATION>NPB</DESIGNATION>
               <EDI_STD>NPB180X90X15.4</EDI_STD>
               <LABEL>NPB180X90X15.4</LABEL>
               <A>1957.628571</A>
               <D>177</D>
               <BF>91</BF>
               <TW>4.3</TW>
               <TF>6.5</TF>
               <I33>10627353.32</I33>
               <Z33>135316.6331</Z33>
               <I22>818043.6757</I22>
               <Z22>27960.62818</Z22>
         </STEEL_I_SECTION>
         <STEEL_I_SECTION>
               <DESIGNATION>NPB</DESIGNATION>
               <EDI_STD>NPB180X90X18.8</EDI_STD>
               <LABEL>NPB180X90X18.8</LABEL>
               <A>2394.628571</A>
               <D>180</D>
               <BF>91</BF>
               <TW>5.3</TW>
               <TF>8</TF>
               <I33>13169581.74</I33>
               <Z33>166405.7304</Z33>
               <I22>1007566.888</I22>
               <Z22>34599.74338</Z22>
         </STEEL_I_SECTION>
         <STEEL_I_SECTION>
               <DESIGNATION>NPB</DESIGNATION>
               <EDI_STD>NPB180X90X21.3</EDI_STD>
               <LABEL>NPB180X90X21.3</LABEL>
               <A>2709.428571</A>
               <D>182</D>
               <BF>92</BF>
               <TW>6</TW>
               <TF>9</TF>
               <I33>15052329.47</I33>
               <Z33>189140.4286</Z33>
               <I22>1171903.272</I22>
               <Z22>39912.38902</Z22>
         </STEEL_I_SECTION>
         <STEEL_I_SECTION>
               <DESIGNATION>NPB</DESIGNATION>
               <EDI_STD>NPB200X100X18.4</EDI_STD>
               <LABEL>NPB200X100X18.4</LABEL>
               <A>2346.928571</A>
               <D>197</D>
               <BF>100</BF>
               <TW>4.5</TW>
               <TF>7</TF>
               <I33>15914659</I33>
               <Z33>181636.1995</Z33>
               <I22>1169434.61</I22>
               <Z22>36535.93172</Z22>
         </STEEL_I_SECTION>
         <STEEL_I_SECTION>
               <DESIGNATION>NPB</DESIGNATION>
               <EDI_STD>NPB200X100X22.4</EDI_STD>
               <LABEL>NPB200X100X22.4</LABEL>
               <A>2848.228571</A>
               <D>200</D>
               <BF>100</BF>
               <TW>5.6</TW>
               <TF>8.5</TF>
               <I33>19431661.98</I33>
               <Z33>220620.4029</Z33>
               <I22>1421096.8</I22>
               <Z22>44612.1995</Z22>
         </STEEL_I_SECTION>
         <STEEL_I_SECTION>
               <DESIGNATION>NPB</DESIGNATION>
               <EDI_STD>NPB200X100X25.1</EDI_STD>
               <LABEL>NPB200X100X25.1</LABEL>
               <A>3196.028571</A>
               <D>202</D>
               <BF>102</BF>
               <TW>6.2</TW>
               <TF>9.5</TF>
               <I33>22110473.16</I33>
               <Z33>249401.0719</Z33>
               <I22>1685867.848</I22>
               <Z22>51892.19238</Z22>
         </STEEL_I_SECTION>
         <STEEL_I_SECTION>
               <DESIGNATION>NPB</DESIGNATION>
               <EDI_STD>NPB200X130X27.2</EDI_STD>
               <LABEL>NPB200X130X27.2</LABEL>
               <A>3460.988571</A>
               <D>207</D>
               <BF>133</BF>
               <TW>5.8</TW>
               <TF>8.4</TF>
               <I33>26427490.3</I33>
               <Z33>285736.3419</Z33>
               <I22>3298612.294</I22>
               <Z22>76583.22246</Z22>
         </STEEL_I_SECTION>
         <STEEL_I_SECTION>
               <DESIGNATION>NPB</DESIGNATION>
               <EDI_STD>NPB200X130X32</EDI_STD>
               <LABEL>NPB200X130X32</LABEL>
               <A>4070.468571</A>
               <D>210</D>
               <BF>134</BF>
               <TW>6.4</TW>
               <TF>10.2</TF>
               <I33>31989700.18</I33>
               <Z33>341971.5055</Z33>
               <I22>4096589.419</I22>
               <Z22>94244.02734</Z22>
         </STEEL_I_SECTION>
         <STEEL_I_SECTION>
               <DESIGNATION>NPB</DESIGNATION>
               <EDI_STD>NPB220X110X22.2</EDI_STD>
               <LABEL>NPB220X110X22.2</LABEL>
               <A>2825.428571</A>
               <D>217</D>
               <BF>110</BF>
               <TW>5</TW>
               <TF>7.7</TF>
               <I33>23165051.68</I33>
               <Z33>240189.1335</Z33>
               <I22>1711755.548</I22>
               <Z22>48485.39662</Z22>
         </STEEL_I_SECTION>
         <STEEL_I_SECTION>
               <DESIGNATION>NPB</DESIGNATION>
               <EDI_STD>NPB220X110X26.2</EDI_STD>
               <LABEL>NPB220X110X26.2</LABEL>
               <A>3336.868571</A>
               <D>220</D>
               <BF>110</BF>
               <TW>5.9</TW>
               <TF>9.2</TF>
               <I33>27718364.68</I33>
               <Z33>285385.9379</Z33>
               <I22>2046183.92</I22>
               <Z22>58110.44494</Z22>
         </STEEL_I_SECTION>
         <STEEL_I_SECTION>
               <DESIGNATION>NPB</DESIGNATION>
               <EDI_STD>NPB220X110X29.3</EDI_STD>
               <LABEL>NPB220X110X29.3</LABEL>
               <A>3738.788571</A>
               <D>222</D>
               <BF>112</BF>
               <TW>6.6</TW>
               <TF>10.2</TF>
               <I33>31340512.51</I33>
               <Z33>321128.9249</Z33>
               <I22>2395364.145</I22>
               <Z22>66909.1083</Z22>
         </STEEL_I_SECTION>
         <STEEL_I_SECTION>
               <DESIGNATION>NPB</DESIGNATION>
               <EDI_STD>NPB240X120X26.1</EDI_STD>
               <LABEL>NPB240X120X26.1</LABEL>
               <A>3330.937143</A>
               <D>237</D>
               <BF>120</BF>
               <TW>5.2</TW>
               <TF>8.3</TF>
               <I33>32904562.37</I33>
               <Z33>311537.5053</Z33>
               <I22>2396040.883</I22>
               <Z22>62399.28014</Z22>
         </STEEL_I_SECTION>
         <STEEL_I_SECTION>
               <DESIGNATION>NPB</DESIGNATION>
               <EDI_STD>NPB240X120X30.7</EDI_STD>
               <LABEL>NPB240X120X30.7</LABEL>
               <A>3911.337143</A>
               <D>240</D>
               <BF>120</BF>
               <TW>6.2</TW>
               <TF>9.8</TF>
               <I33>38916214.51</I33>
               <Z33>366611.121</Z33>
               <I22>2830429.27</I22>
               <Z22>73923.99014</Z22>
         </STEEL_I_SECTION>
         <STEEL_I_SECTION>
               <DESIGNATION>NPB</DESIGNATION>
               <EDI_STD>NPB240X120X34.3</EDI_STD>
               <LABEL>NPB240X120X34.3</LABEL>
               <A>4370.857143</A>
               <D>242</D>
               <BF>122</BF>
               <TW>7</TW>
               <TF>10.8</TF>
               <I33>43692557.27</I33>
               <Z33>410239.9901</Z33>
               <I22>3279022.553</I22>
               <Z22>84396.70214</Z22>
         </STEEL_I_SECTION>
         <STEEL_I_SECTION>
               <DESIGNATION>NPB</DESIGNATION>
               <EDI_STD>NPB270X135X30.7</EDI_STD>
               <LABEL>NPB270X135X30.7</LABEL>
               <A>3914.657143</A>
               <D>267</D>
               <BF>135</BF>
               <TW>5.5</TW>
               <TF>8.7</TF>
               <I33>49172929.41</I33>
               <Z33>412454.9684</Z33>
               <I22>3574230.672</I22>
               <Z22>82344.69714</Z22>
         </STEEL_I_SECTION>
         <STEEL_I_SECTION>
               <DESIGNATION>NPB</DESIGNATION>
               <EDI_STD>NPB270X135X36.1</EDI_STD>
               <LABEL>NPB270X135X36.1</LABEL>
               <A>4594.217143</A>
               <D>270</D>
               <BF>135</BF>
               <TW>6.6</TW>
               <TF>10.2</TF>
               <I33>57897773.32</I33>
               <Z33>483958.3381</Z33>
               <I22>4192533.874</I22>
               <Z22>96950.21814</Z22>
         </STEEL_I_SECTION>
         <STEEL_I_SECTION>
               <DESIGNATION>NPB</DESIGNATION>
               <EDI_STD>NPB270X135X42.3</EDI_STD>
               <LABEL>NPB270X135X42.3</LABEL>
               <A>5383.257143</A>
               <D>274</D>
               <BF>136</BF>
               <TW>7.5</TW>
               <TF>12.2</TF>
               <I33>69470444.32</I33>
               <Z33>574609.2684</Z33>
               <I22>5128103.56</I22>
               <Z22>117707.0871</Z22>
         </STEEL_I_SECTION>
         <STEEL_I_SECTION>
               <DESIGNATION>UB</DESIGNATION>
               <EDI_STD>UB203X133X25</EDI_STD>
               <LABEL>UB203X133X25</LABEL>
               <A>3196.748571</A>
               <D>203.2</D>
               <BF>133.2</BF>
               <TW>5.7</TW>
               <TF>7.8</TF>
               <I33>23401687.75</I33>
               <Z33>257723.0487</Z33>
               <I22>3075709.882</I22>
               <Z22>70944.00429</Z22>
         </STEEL_I_SECTION>
         <STEEL_I_SECTION>
               <DESIGNATION>UB</DESIGNATION>
               <EDI_STD>UB203X133X30</EDI_STD>
               <LABEL>UB203X133X30</LABEL>
               <A>3821.028571</A>
               <D>206.8</D>
               <BF>133.9</BF>
               <TW>6.4</TW>
               <TF>9.6</TF>
               <I33>28955677.63</I33>
               <Z33>314357.81</Z33>
               <I22>3845933.296</I22>
               <Z22>88224.07271</Z22>
         </STEEL_I_SECTION>
         <STEEL_I_SECTION>
               <DESIGNATION>UB</DESIGNATION>
               <EDI_STD>UB254X146X31</EDI_STD>
               <LABEL>UB254X146X31</LABEL>
               <A>3967.628571</A>
               <D>251.4</D>
               <BF>146.1</BF>
               <TW>6</TW>
               <TF>8.6</TF>
               <I33>44134100.62</I33>
               <Z33>393055.5963</Z33>
               <I22>4474731.276</I22>
               <Z22>94125.12747</Z22>
         </STEEL_I_SECTION>
         <STEEL_I_SECTION>
               <DESIGNATION>UB</DESIGNATION>
               <EDI_STD>UB254X146X37</EDI_STD>
               <LABEL>UB254X146X37</LABEL>
               <A>4716.488571</A>
               <D>256</D>
               <BF>146.4</BF>
               <TW>6.3</TW>
               <TF>10.9</TF>
               <I33>55367892.66</I33>
               <Z33>483221.4403</Z33>
               <I22>5705854.437</I22>
               <Z22>119373.8431</Z22>
         </STEEL_I_SECTION>
         <STEEL_I_SECTION>
               <DESIGNATION>UB</DESIGNATION>
               <EDI_STD>UB254X146X43</EDI_STD>
               <LABEL>UB254X146X43</LABEL>
               <A>5477.168571</A>
               <D>259.6</D>
               <BF>147.3</BF>
               <TW>7.2</TW>
               <TF>12.7</TF>
               <I33>65437040.59</I33>
               <Z33>566320.0016</Z33>
               <I22>6772999.003</I22>
               <Z22>141075.6967</Z22>
         </STEEL_I_SECTION>
         <STEEL_I_SECTION>
               <DESIGNATION>UB</DESIGNATION>
               <EDI_STD>UB305X165X40</EDI_STD>
               <LABEL>UB305X165X40</LABEL>
               <A>5131.894286</A>
               <D>303.4</D>
               <BF>165</BF>
               <TW>6</TW>
               <TF>10.2</TF>
               <I33>85025956.22</I33>
               <Z33>623059.9363</Z33>
               <I22>7642601.204</I22>
               <Z22>141733.6711</Z22>
         </STEEL_I_SECTION>
         <STEEL_I_SECTION>
               <DESIGNATION>UB</DESIGNATION>
               <EDI_STD>UB305X165X46</EDI_STD>
               <LABEL>UB305X165X46</LABEL>
               <A>5874.514286</A>
               <D>306.6</D>
               <BF>165.7</BF>
               <TW>6.7</TW>
               <TF>11.8</TF>
               <I33>98986622.53</I33>
               <Z33>720030.3999</Z33>
               <I22>8955578.887</I22>
               <Z22>165532.2274</Z22>
         </STEEL_I_SECTION>
         <STEEL_I_SECTION>
               <DESIGNATION>UB</DESIGNATION>
               <EDI_STD>UB305X165X54</EDI_STD>
               <LABEL>UB305X165X54</LABEL>
               <A>6849.254286</A>
               <D>310.4</D>
               <BF>165.9</BF>
               <TW>7.9</TW>
               <TF>13.7</TF>
               <I33>116355558.4</I33>
               <Z33>841994.9237</Z33>
               <I22>10438778.04</I22>
               <Z22>193350.5212</Z22>
         </STEEL_I_SECTION>
         <STEEL_I_SECTION>
               <DESIGNATION>UB</DESIGNATION>
               <EDI_STD>UB356X171X45</EDI_STD>
               <LABEL>UB356X171X45</LABEL>
               <A>5732.517143</A>
               <D>351.4</D>
               <BF>171.1</BF>
               <TW>7</TW>
               <TF>9.7</TF>
               <I33>120657549.1</I33>
               <Z33>774599.8718</Z33>
               <I22>8108917.166</I22>
               <Z22>146567.8505</Z22>
         </STEEL_I_SECTION>
         <STEEL_I_SECTION>
               <DESIGNATION>UB</DESIGNATION>
               <EDI_STD>UB356X171X51</EDI_STD>
               <LABEL>UB356X171X51</LABEL>
               <A>6490.477143</A>
               <D>355</D>
               <BF>171.5</BF>
               <TW>7.4</TW>
               <TF>11.5</TF>
               <I33>141359300.7</I33>
               <Z33>895980.6724</Z33>
               <I22>9680962.327</I22>
               <Z22>174199.4611</Z22>
         </STEEL_I_SECTION>
         <STEEL_I_SECTION>
               <DESIGNATION>UB</DESIGNATION>
               <EDI_STD>UB356X171X57</EDI_STD>
               <LABEL>UB356X171X57</LABEL>
               <A>7255.577143</A>
               <D>358</D>
               <BF>172.2</BF>
               <TW>8.1</TW>
               <TF>13</TF>
               <I33>160383129.3</I33>
               <Z33>1010118.801</Z33>
               <I22>11080133.47</I22>
               <Z22>198754.2913</Z22>
         </STEEL_I_SECTION>
         <STEEL_I_SECTION>
               <DESIGNATION>UB</DESIGNATION>
               <EDI_STD>UB356X171X67</EDI_STD>
               <LABEL>UB356X171X67</LABEL>
               <A>8548.857143</A>
               <D>363.4</D>
               <BF>173.2</BF>
               <TW>9.1</TW>
               <TF>15.7</TF>
               <I33>194628288.7</I33>
               <Z33>1210837.196</Z33>
               <I22>13618610.8</I22>
               <Z22>242969.2693</Z22>
         </STEEL_I_SECTION>
         <STEEL_I_SECTION>
               <DESIGNATION>UB</DESIGNATION>
               <EDI_STD>UB406X178X54</EDI_STD>
               <LABEL>UB406X178X54</LABEL>
               <A>6895.197143</A>
               <D>402.6</D>
               <BF>177.7</BF>
               <TW>7.7</TW>
               <TF>10.9</TF>
               <I33>187222141.9</I33>
               <Z33>1054611.511</Z33>
               <I22>10210127.28</I22>
               <Z22>178287.9783</Z22>
         </STEEL_I_SECTION>
         <STEEL_I_SECTION>
               <DESIGNATION>UB</DESIGNATION>
               <EDI_STD>UB406X178X60</EDI_STD>
               <LABEL>UB406X178X60</LABEL>
               <A>7651.737143</A>
               <D>406.4</D>
               <BF>177.9</BF>
               <TW>7.9</TW>
               <TF>12.8</TF>
               <I33>215962587.7</I33>
               <Z33>1199440.646</Z33>
               <I22>12028730.56</I22>
               <Z22>209047.5266</Z22>
         </STEEL_I_SECTION>
         <STEEL_I_SECTION>
               <DESIGNATION>UB</DESIGNATION>
               <EDI_STD>UB406X178X67</EDI_STD>
               <LABEL>UB406X178X67</LABEL>
               <A>8553.897143</A>
               <D>409.4</D>
               <BF>178.8</BF>
               <TW>8.8</TW>
               <TF>14.3</TF>
               <I33>243308675.5</I33>
               <Z33>1346000.445</Z33>
               <I22>13647316.3</I22>
               <Z22>236550.2431</Z22>
         </STEEL_I_SECTION>
         <STEEL_I_SECTION>
               <DESIGNATION>UB</DESIGNATION>
               <EDI_STD>UB406X178X74</EDI_STD>
               <LABEL>UB406X178X74</LABEL>
               <A>9450.777143</A>
               <D>412.8</D>
               <BF>179.5</BF>
               <TW>9.5</TW>
               <TF>16</TF>
               <I33>273097254.3</I33>
               <Z33>1500778.851</Z33>
               <I22>15452500.77</I22>
               <Z22>266981.5169</Z22>
         </STEEL_I_SECTION>
         <STEEL_I_SECTION>
               <DESIGNATION>UB</DESIGNATION>
               <EDI_STD>UB457X152X52</EDI_STD>
               <LABEL>UB457X152X52</LABEL>
               <A>6664.297143</A>
               <D>449.8</D>
               <BF>152.4</BF>
               <TW>7.6</TW>
               <TF>10.9</TF>
               <I33>213688896.5</I33>
               <Z33>1096011.703</Z33>
               <I22>6447711.148</I22>
               <Z22>133303.5864</Z22>
         </STEEL_I_SECTION>
         <STEEL_I_SECTION>
               <DESIGNATION>UB</DESIGNATION>
               <EDI_STD>UB457X152X60</EDI_STD>
               <LABEL>UB457X152X60</LABEL>
               <A>7623.117143</A>
               <D>454.6</D>
               <BF>152.9</BF>
               <TW>8.1</TW>
               <TF>13.3</TF>
               <I33>254999941.9</I33>
               <Z33>1287240.706</Z33>
               <I22>7944515.933</I22>
               <Z22>163051.8978</Z22>
         </STEEL_I_SECTION>
         <STEEL_I_SECTION>
               <DESIGNATION>UB</DESIGNATION>
               <EDI_STD>UB457X152X67</EDI_STD>
               <LABEL>UB457X152X67</LABEL>
               <A>8555.177143</A>
               <D>458</D>
               <BF>153.8</BF>
               <TW>9</TW>
               <TF>15</TF>
               <I33>289265432.9</I33>
               <Z33>1453043.442</Z33>
               <I22>9123450.415</I22>
               <Z22>186680.6899</Z22>
         </STEEL_I_SECTION>
         <STEEL_I_SECTION>
               <DESIGNATION>UB</DESIGNATION>
               <EDI_STD>UB457X152X74</EDI_STD>
               <LABEL>UB457X152X74</LABEL>
               <A>9447.577143</A>
               <D>462</D>
               <BF>154.4</BF>
               <TW>9.6</TW>
               <TF>17</TF>
               <I33>326740274.4</I33>
               <Z33>1626555.781</Z33>
               <I22>10463059.31</I22>
               <Z22>213127.8623</Z22>
         </STEEL_I_SECTION>
         <STEEL_I_SECTION>
               <DESIGNATION>UB</DESIGNATION>
               <EDI_STD>UB457X152X82</EDI_STD>
               <LABEL>UB457X152X82</LABEL>
               <A>10453.51714</A>
               <D>465.8</D>
               <BF>155.3</BF>
               <TW>10.5</TW>
               <TF>18.9</TF>
               <I33>365886292.1</I33>
               <Z33>1811463.405</Z33>
               <I22>11842737.89</I22>
               <Z22>240385.0714</Z22>
         </STEEL_I_SECTION>
         <STEEL_I_SECTION>
               <DESIGNATION>UB</DESIGNATION>
               <EDI_STD>UB457X191X67</EDI_STD>
               <LABEL>UB457X191X67</LABEL>
               <A>8550.637143</A>
               <D>453.4</D>
               <BF>189.9</BF>
               <TW>8.5</TW>
               <TF>12.7</TF>
               <I33>293802616.6</I33>
               <Z33>1470994.154</Z33>
               <I22>14519320.92</I22>
               <Z22>237307.5764</Z22>
         </STEEL_I_SECTION>
         <STEEL_I_SECTION>
               <DESIGNATION>UB</DESIGNATION>
               <EDI_STD>UB457X191X74</EDI_STD>
               <LABEL>UB457X191X74</LABEL>
               <A>9462.777143</A>
               <D>457</D>
               <BF>190.4</BF>
               <TW>9</TW>
               <TF>14.5</TF>
               <I33>333193389.4</I33>
               <Z33>1652696.508</Z33>
               <I22>16709145.46</I22>
               <Z22>272100.5499</Z22>
         </STEEL_I_SECTION>
         <STEEL_I_SECTION>
               <DESIGNATION>UB</DESIGNATION>
               <EDI_STD>UB457X191X82</EDI_STD>
               <LABEL>UB457X191X82</LABEL>
               <A>10447.97714</A>
               <D>460</D>
               <BF>191.3</BF>
               <TW>9.9</TW>
               <TF>16</TF>
               <I33>370513433.8</I33>
               <Z33>1831253.912</Z33>
               <I22>18706003.63</I22>
               <Z22>303898.1685</Z22>
         </STEEL_I_SECTION>
         <STEEL_I_SECTION>
               <DESIGNATION>UB</DESIGNATION>
               <EDI_STD>UB457X191X89</EDI_STD>
               <LABEL>UB457X191X89</LABEL>
               <A>11376.43714</A>
               <D>463.4</D>
               <BF>191.9</BF>
               <TW>10.5</TW>
               <TF>17.7</TF>
               <I33>410151108.2</I33>
               <Z33>2013614.08</Z33>
               <I22>20891450.8</I22>
               <Z22>338375.7694</Z22>
         </STEEL_I_SECTION>
         <STEEL_I_SECTION>
               <DESIGNATION>UB</DESIGNATION>
               <EDI_STD>UB457X191X98</EDI_STD>
               <LABEL>UB457X191X98</LABEL>
               <A>12526.13714</A>
               <D>467.2</D>
               <BF>192.8</BF>
               <TW>11.4</TW>
               <TF>19.6</TF>
               <I33>457269491.2</I33>
               <Z33>2232378.929</Z33>
               <I22>23467620.44</I22>
               <Z22>378902.3114</Z22>
         </STEEL_I_SECTION>
         <STEEL_I_SECTION>
               <DESIGNATION>UB</DESIGNATION>
               <EDI_STD>UB533X210X82</EDI_STD>
               <LABEL>UB533X210X82</LABEL>
               <A>10468.80857</A>
               <D>528.3</D>
               <BF>208.8</BF>
               <TW>9.6</TW>
               <TF>13.2</TF>
               <I33>475391441.1</I33>
               <Z33>2058564.671</Z33>
               <I22>20068198.31</I22>
               <Z22>300364.2578</Z22>
         </STEEL_I_SECTION>
         <STEEL_I_SECTION>
               <DESIGNATION>UB</DESIGNATION>
               <EDI_STD>UB533X210X92</EDI_STD>
               <LABEL>UB533X210X92</LABEL>
               <A>11737.59857</A>
               <D>533.1</D>
               <BF>209.3</BF>
               <TW>10.1</TW>
               <TF>15.6</TF>
               <I33>552272959.5</I33>
               <Z33>2360033.02</Z33>
               <I22>23886338.66</I22>
               <Z22>355582.3174</Z22>
         </STEEL_I_SECTION>
         <STEEL_I_SECTION>
               <DESIGNATION>UB</DESIGNATION>
               <EDI_STD>UB533X210X101</EDI_STD>
               <LABEL>UB533X210X101</LABEL>
               <A>12866.76857</A>
               <D>536.7</D>
               <BF>210</BF>
               <TW>10.8</TW>
               <TF>17.4</TF>
               <I33>615187240.5</I33>
               <Z33>2611959.087</Z33>
               <I22>26914746.08</I22>
               <Z22>399445.8526</Z22>
         </STEEL_I_SECTION>
         <STEEL_I_SECTION>
               <DESIGNATION>UB</DESIGNATION>
               <EDI_STD>UB533X210X109.8</EDI_STD>
               <LABEL>UB533X210X109.8</LABEL>
               <A>13986.74857</A>
               <D>539.5</D>
               <BF>210.8</BF>
               <TW>11.8</TW>
               <TF>18.8</TF>
               <I33>670327063.9</I33>
               <Z33>2840967.433</Z33>
               <I22>29425388.59</I22>
               <Z22>436385.2292</Z22>
         </STEEL_I_SECTION>
         <STEEL_I_SECTION>
               <DESIGNATION>UB</DESIGNATION>
               <EDI_STD>UB533X210X122</EDI_STD>
               <LABEL>UB533X210X122</LABEL>
               <A>15539.31857</A>
               <D>544.5</D>
               <BF>211.9</BF>
               <TW>12.7</TW>
               <TF>21.3</TF>
               <I33>760425323.6</I33>
               <Z33>3195537.815</Z33>
               <I22>33869448.09</I22>
               <Z22>499711.9866</Z22>
         </STEEL_I_SECTION>
         <STEEL_I_SECTION>
               <DESIGNATION>UB</DESIGNATION>
               <EDI_STD>UB610X229X101</EDI_STD>
               <LABEL>UB610X229X101</LABEL>
               <A>12891.70857</A>
               <D>602.6</D>
               <BF>227.6</BF>
               <TW>10.5</TW>
               <TF>14.8</TF>
               <I33>757799944.2</I33>
               <Z33>2881068.572</Z33>
               <I22>29142403.52</I22>
               <Z22>400246.0174</Z22>
         </STEEL_I_SECTION>
         <STEEL_I_SECTION>
               <DESIGNATION>UB</DESIGNATION>
               <EDI_STD>UB610X229X113</EDI_STD>
               <LABEL>UB610X229X113</LABEL>
               <A>14394.26857</A>
               <D>607.6</D>
               <BF>228.2</BF>
               <TW>11.1</TW>
               <TF>17.3</TF>
               <I33>873184697.1</I33>
               <Z33>3280746.63</Z33>
               <I22>34334992.53</I22>
               <Z22>469261.8748</Z22>
         </STEEL_I_SECTION>
         <STEEL_I_SECTION>
               <DESIGNATION>UB</DESIGNATION>
               <EDI_STD>UB610X229X125.1</EDI_STD>
               <LABEL>UB610X229X125.1</LABEL>
               <A>15933.74857</A>
               <D>612.2</D>
               <BF>229</BF>
               <TW>11.9</TW>
               <TF>19.6</TF>
               <I33>986099730.9</I33>
               <Z33>3675816.045</Z33>
               <I22>39315887.34</I22>
               <Z22>535424.0293</Z22>
         </STEEL_I_SECTION>
         <STEEL_I_SECTION>
               <DESIGNATION>UB</DESIGNATION>
               <EDI_STD>UB610X229X139.9</EDI_STD>
               <LABEL>UB610X229X139.9</LABEL>
               <A>17819.38857</A>
               <D>617.2</D>
               <BF>230.2</BF>
               <TW>13.1</TW>
               <TF>22.1</TF>
               <I33>1117772993</I33>
               <Z33>4142012.04</Z33>
               <I22>45046606.14</I22>
               <Z22>611444.8421</Z22>
         </STEEL_I_SECTION>
         <STEEL_I_SECTION>
               <DESIGNATION>UC</DESIGNATION>
               <EDI_STD>UC152X152X23</EDI_STD>
               <LABEL>UC152X152X23</LABEL>
               <A>2924.468571</A>
               <D>152.4</D>
               <BF>152.2</BF>
               <TW>5.8</TW>
               <TF>6.8</TF>
               <I33>12498034.59</I33>
               <Z33>181976.2842</Z33>
               <I22>3998621.045</I22>
               <Z22>80155.73035</Z22>
         </STEEL_I_SECTION>
         <STEEL_I_SECTION>
               <DESIGNATION>UC</DESIGNATION>
               <EDI_STD>UC152X152X30</EDI_STD>
               <LABEL>UC152X152X30</LABEL>
               <A>3826.228571</A>
               <D>157.6</D>
               <BF>152.9</BF>
               <TW>6.5</TW>
               <TF>9.4</TF>
               <I33>17480408.74</I33>
               <Z33>247659.3034</Z33>
               <I22>5604017.014</I22>
               <Z22>111589.9218</Z22>
         </STEEL_I_SECTION>
         <STEEL_I_SECTION>
               <DESIGNATION>UC</DESIGNATION>
               <EDI_STD>UC152X152X37</EDI_STD>
               <LABEL>UC152X152X37</LABEL>
               <A>4711.108571</A>
               <D>161.8</D>
               <BF>154.4</BF>
               <TW>8</TW>
               <TF>11.5</TF>
               <I33>22104674</I33>
               <Z33>308754.4389</Z33>
               <I22>7061767.874</I22>
               <Z22>139579.6257</Z22>
         </STEEL_I_SECTION>
         <STEEL_I_SECTION>
               <DESIGNATION>UC</DESIGNATION>
               <EDI_STD>UC203X203X46.1</EDI_STD>
               <LABEL>UC203X203X46.1</LABEL>
               <A>5873.017143</A>
               <D>203.2</D>
               <BF>203.6</BF>
               <TW>7.2</TW>
               <TF>11</TF>
               <I33>45678154.67</I33>
               <Z33>497425.8182</Z33>
               <I22>15480274.52</I22>
               <Z22>230864.6448</Z22>
         </STEEL_I_SECTION>
         <STEEL_I_SECTION>
               <DESIGNATION>UC</DESIGNATION>
               <EDI_STD>UC203X203X52</EDI_STD>
               <LABEL>UC203X203X52</LABEL>
               <A>6628.157143</A>
               <D>206.2</D>
               <BF>204.3</BF>
               <TW>7.9</TW>
               <TF>12.5</TF>
               <I33>52588144.31</I33>
               <Z33>567381.729</Z33>
               <I22>17774269.93</I22>
               <Z22>264249.0061</Z22>
         </STEEL_I_SECTION>
         <STEEL_I_SECTION>
               <DESIGNATION>UC</DESIGNATION>
               <EDI_STD>UC203X203X60</EDI_STD>
               <LABEL>UC203X203X60</LABEL>
               <A>7637.177143</A>
               <D>209.6</D>
               <BF>205.8</BF>
               <TW>9.4</TW>
               <TF>14.2</TF>
               <I33>61245121.8</I33>
               <Z33>656061.8157</Z33>
               <I22>20643795.26</I22>
               <Z22>305336.8035</Z22>
         </STEEL_I_SECTION>
         <STEEL_I_SECTION>
               <DESIGNATION>UC</DESIGNATION>
               <EDI_STD>UC203X203X71</EDI_STD>
               <LABEL>UC203X203X71</LABEL>
               <A>9042.617143</A>
               <D>215.8</D>
               <BF>206.4</BF>
               <TW>10</TW>
               <TF>17.3</TF>
               <I33>76180149.14</I33>
               <Z33>798745.2022</Z33>
               <I22>25370544.71</I22>
               <Z22>373678.3479</Z22>
         </STEEL_I_SECTION>
         <STEEL_I_SECTION>
               <DESIGNATION>UC</DESIGNATION>
               <EDI_STD>UC203X203X86.1</EDI_STD>
               <LABEL>UC203X203X86.1</LABEL>
               <A>10963.51714</A>
               <D>222.2</D>
               <BF>209.1</BF>
               <TW>12.7</TW>
               <TF>20.5</TF>
               <I33>94488312.14</I33>
               <Z33>976716.5707</Z33>
               <I22>31271782.81</I22>
               <Z22>456235.8491</Z22>
         </STEEL_I_SECTION>
         <STEEL_I_SECTION>
               <DESIGNATION>UC</DESIGNATION>
               <EDI_STD>UC254X254X73.1</EDI_STD>
               <LABEL>UC254X254X73.1</LABEL>
               <A>9309.908571</A>
               <D>254.1</D>
               <BF>254.6</BF>
               <TW>8.6</TW>
               <TF>14.2</TF>
               <I33>114072106.5</I33>
               <Z33>992042.9822</Z33>
               <I22>39073782.49</I22>
               <Z22>465391.5811</Z22>
         </STEEL_I_SECTION>
         <STEEL_I_SECTION>
               <DESIGNATION>UC</DESIGNATION>
               <EDI_STD>UC254X254X89.5</EDI_STD>
               <LABEL>UC254X254X89.5</LABEL>
               <A>11400.13857</A>
               <D>260.3</D>
               <BF>258.3</BF>
               <TW>10.3</TW>
               <TF>17.3</TF>
               <I33>143700707.2</I33>
               <Z33>1232244.164</Z33>
               <I22>49715224.48</I22>
               <Z22>584210.3625</Z22>
         </STEEL_I_SECTION>
         <STEEL_I_SECTION>
               <DESIGNATION>UC</DESIGNATION>
               <EDI_STD>UC254X254X107.1</EDI_STD>
               <LABEL>UC254X254X107.1</LABEL>
               <A>13638.00857</A>
               <D>266.7</D>
               <BF>258.8</BF>
               <TW>12.8</TW>
               <TF>20.5</TF>
               <I33>175103709.3</I33>
               <Z33>1484403.431</Z33>
               <I22>59269983.18</I22>
               <Z22>697042.3319</Z22>
         </STEEL_I_SECTION>
         <STEEL_I_SECTION>
               <DESIGNATION>UC</DESIGNATION>
               <EDI_STD>UC254X254X132</EDI_STD>
               <LABEL>UC254X254X132</LABEL>
               <A>16813.23857</A>
               <D>276.3</D>
               <BF>261.3</BF>
               <TW>15.3</TW>
               <TF>25.3</TF>
               <I33>225287050.8</I33>
               <Z33>1869384.174</Z33>
               <I22>75306109.59</I22>
               <Z22>878373.2708</Z22>
         </STEEL_I_SECTION>
         <STEEL_I_SECTION>
               <DESIGNATION>UC</DESIGNATION>
               <EDI_STD>UC254X254X167.1</EDI_STD>
               <LABEL>UC254X254X167.1</LABEL>
               <A>21285.36857</A>
               <D>289.1</D>
               <BF>265.2</BF>
               <TW>19.2</TW>
               <TF>31.7</TF>
               <I33>299976636.7</I33>
               <Z33>2423637.08</Z33>
               <I22>98690897.54</I22>
               <Z22>1137269.44</Z22>
         </STEEL_I_SECTION>
         <STEEL_I_SECTION>
               <DESIGNATION>UC</DESIGNATION>
               <EDI_STD>UC305X305X96.9</EDI_STD>
               <LABEL>UC305X305X96.9</LABEL>
               <A>12344.56429</A>
               <D>307.9</D>
               <BF>305.3</BF>
               <TW>9.9</TW>
               <TF>15.4</TF>
               <I33>222490157.3</I33>
               <Z33>1592024.995</Z33>
               <I22>73067485.2</I22>
               <Z22>726147.0905</Z22>
         </STEEL_I_SECTION>
         <STEEL_I_SECTION>
               <DESIGNATION>UC</DESIGNATION>
               <EDI_STD>UC305X305X117.9</EDI_STD>
               <LABEL>UC305X305X117.9</LABEL>
               <A>15019.99429</A>
               <D>314.5</D>
               <BF>307.4</BF>
               <TW>12</TW>
               <TF>18.7</TF>
               <I33>276721165</I33>
               <Z33>1957482.806</Z33>
               <I22>90581149.79</I22>
               <Z22>895365.0018</Z22>
         </STEEL_I_SECTION>
         <STEEL_I_SECTION>
               <DESIGNATION>UC</DESIGNATION>
               <EDI_STD>UC305X305X136.9</EDI_STD>
               <LABEL>UC305X305X136.9</LABEL>
               <A>17441.29429</A>
               <D>320.5</D>
               <BF>309.2</BF>
               <TW>13.8</TW>
               <TF>21.7</TF>
               <I33>328142586.2</I33>
               <Z33>2296504.547</Z33>
               <I22>106984471</I22>
               <Z22>1052544.963</Z22>
         </STEEL_I_SECTION>
         <STEEL_I_SECTION>
               <DESIGNATION>UC</DESIGNATION>
               <EDI_STD>UC305X305X158.1</EDI_STD>
               <LABEL>UC305X305X158.1</LABEL>
               <A>20136.21429</A>
               <D>327.1</D>
               <BF>311.2</BF>
               <TW>15.8</TW>
               <TF>25</TF>
               <I33>387467973.5</I33>
               <Z33>2680393.361</Z33>
               <I22>125682023.4</I22>
               <Z22>1230102.024</Z22>
         </STEEL_I_SECTION>
         <STEEL_I_SECTION>
               <DESIGNATION>UC</DESIGNATION>
               <EDI_STD>UC305X305X198.1</EDI_STD>
               <LABEL>UC305X305X198.1</LABEL>
               <A>25241.24429</A>
               <D>339.9</D>
               <BF>314.5</BF>
               <TW>19.1</TW>
               <TF>31.4</TF>
               <I33>509040201.3</I33>
               <Z33>3439930.691</Z33>
               <I22>162976177</I22>
               <Z22>1580730.586</Z22>
         </STEEL_I_SECTION>
         <STEEL_I_SECTION>
               <DESIGNATION>UC</DESIGNATION>
               <EDI_STD>UC305X305X240</EDI_STD>
               <LABEL>UC305X305X240</LABEL>
               <A>30578.69429</A>
               <D>352.5</D>
               <BF>318.4</BF>
               <TW>23</TW>
               <TF>37.7</TF>
               <I33>642025211.9</I33>
               <Z33>4247022.074</Z33>
               <I22>203129113.9</I22>
               <Z22>1950586.513</Z22>
         </STEEL_I_SECTION>
         <STEEL_I_SECTION>
               <DESIGNATION>UC</DESIGNATION>
               <EDI_STD>UC305X305X282.9</EDI_STD>
               <LABEL>UC305X305X282.9</LABEL>
               <A>36042.35429</A>
               <D>365.3</D>
               <BF>322.2</BF>
               <TW>26.8</TW>
               <TF>44.1</TF>
               <I33>788716840.8</I33>
               <Z33>5105144.165</Z33>
               <I22>246329350.8</I22>
               <Z22>2342160.197</Z22>
         </STEEL_I_SECTION>
         <STEEL_I_SECTION>
               <DESIGNATION>UC</DESIGNATION>
               <EDI_STD>UC368X368X129</EDI_STD>
               <LABEL>UC368X368X129</LABEL>
               <A>16433.27429</A>
               <D>355.6</D>
               <BF>368.6</BF>
               <TW>10.4</TW>
               <TF>17.5</TF>
               <I33>402455892.7</I33>
               <Z33>2479219.752</Z33>
               <I22>146104716.5</I22>
               <Z22>1199200.91</Z22>
         </STEEL_I_SECTION>
         <STEEL_I_SECTION>
               <DESIGNATION>UC</DESIGNATION>
               <EDI_STD>UC368X368X152.9</EDI_STD>
               <LABEL>UC368X368X152.9</LABEL>
               <A>19480.11429</A>
               <D>362</D>
               <BF>370.5</BF>
               <TW>12.3</TW>
               <TF>20.7</TF>
               <I33>485893103.6</I33>
               <Z33>2964676.498</Z33>
               <I22>175521638.8</I22>
               <Z22>1434766.125</Z22>
         </STEEL_I_SECTION>
         <STEEL_I_SECTION>
               <DESIGNATION>UC</DESIGNATION>
               <EDI_STD>UC368X368X177</EDI_STD>
               <LABEL>UC368X368X177</LABEL>
               <A>22550.43429</A>
               <D>368.2</D>
               <BF>372.6</BF>
               <TW>14.4</TW>
               <TF>23.8</TF>
               <I33>571180190.8</I33>
               <Z33>3455186.104</Z33>
               <I22>205281392.6</I22>
               <Z22>1670807.333</Z22>
         </STEEL_I_SECTION>
         <STEEL_I_SECTION>
               <DESIGNATION>UC</DESIGNATION>
               <EDI_STD>UC368X368X201.9</EDI_STD>
               <LABEL>UC368X368X201.9</LABEL>
               <A>25721.73429</A>
               <D>374.6</D>
               <BF>374.7</BF>
               <TW>16.5</TW>
               <TF>27</TF>
               <I33>662614335.8</I33>
               <Z33>3971683.532</Z33>
               <I22>236871467.2</I22>
               <Z22>1919531.679</Z22>
         </STEEL_I_SECTION>
         <STEEL_I_SECTION>
               <DESIGNATION>WPB</DESIGNATION>
               <EDI_STD>WPB150X150X23</EDI_STD>
               <LABEL>WPB150X150X23</LABEL>
               <A>2924.468571</A>
               <D>152.4</D>
               <BF>152.2</BF>
               <TW>5.8</TW>
               <TF>6.8</TF>
               <I33>12498034.59</I33>
               <Z33>181976.2842</Z33>
               <I22>3998621.045</I22>
               <Z22>80155.73035</Z22>
         </STEEL_I_SECTION>
         <STEEL_I_SECTION>
               <DESIGNATION>WPB</DESIGNATION>
               <EDI_STD>WPB150X150X30</EDI_STD>
               <LABEL>WPB150X150X30</LABEL>
               <A>3826.228571</A>
               <D>157.6</D>
               <BF>152.9</BF>
               <TW>6.5</TW>
               <TF>9.4</TF>
               <I33>17480408.74</I33>
               <Z33>247659.3034</Z33>
               <I22>5604017.014</I22>
               <Z22>111589.9218</Z22>
         </STEEL_I_SECTION>
         <STEEL_I_SECTION>
               <DESIGNATION>WPB</DESIGNATION>
               <EDI_STD>WPB150X150X37</EDI_STD>
               <LABEL>WPB150X150X37</LABEL>
               <A>4711.108571</A>
               <D>161.8</D>
               <BF>154.4</BF>
               <TW>8</TW>
               <TF>11.5</TF>
               <I33>22104674</I33>
               <Z33>308754.4389</Z33>
               <I22>7061767.874</I22>
               <Z22>139579.6257</Z22>
         </STEEL_I_SECTION>
         <STEEL_I_SECTION>
               <DESIGNATION>WPB</DESIGNATION>
               <EDI_STD>WPB320X300X74.2</EDI_STD>
               <LABEL>WPB320X300X74.2</LABEL>
               <A>9456.857143</A>
               <D>301</D>
               <BF>300</BF>
               <TW>8</TW>
               <TF>11</TF>
               <I33>164473300.2</I33>
               <Z33>1196064.949</Z33>
               <I22>49539009.22</I22>
               <Z22>505741.6356</Z22>
         </STEEL_I_SECTION>
         <STEEL_I_SECTION>
               <DESIGNATION>WPB</DESIGNATION>
               <EDI_STD>WPB320X300X97.6</EDI_STD>
               <LABEL>WPB320X300X97.6</LABEL>
               <A>12435.85714</A>
               <D>310</D>
               <BF>300</BF>
               <TW>9</TW>
               <TF>15.5</TF>
               <I33>229285578.5</I33>
               <Z33>1627946.075</Z33>
               <I22>69796853.81</I22>
               <Z22>709740.2724</Z22>
         </STEEL_I_SECTION>
         <STEEL_I_SECTION>
               <DESIGNATION>WPB</DESIGNATION>
               <EDI_STD>WPB320X300X126.6</EDI_STD>
               <LABEL>WPB320X300X126.6</LABEL>
               <A>16133.35714</A>
               <D>320</D>
               <BF>300</BF>
               <TW>11.5</TW>
               <TF>20.5</TF>
               <I33>308235086.6</I33>
               <Z33>2149092.118</Z33>
               <I22>92323632.12</I22>
               <Z22>939097.1769</Z22>
         </STEEL_I_SECTION>
         <STEEL_I_SECTION>
               <DESIGNATION>WPB</DESIGNATION>
               <EDI_STD>WPB320X300X245</EDI_STD>
               <LABEL>WPB320X300X245</LABEL>
               <A>31203.85714</A>
               <D>359</D>
               <BF>309</BF>
               <TW>21</TW>
               <TF>40</TF>
               <I33>681348172.5</I33>
               <Z33>4434861.622</Z33>
               <I22>196994080</I22>
               <Z22>1950724.914</Z22>
         </STEEL_I_SECTION>
         <STEEL_I_SECTION>
               <DESIGNATION>WPB</DESIGNATION>
               <EDI_STD>WPB600X300X128.8</EDI_STD>
               <LABEL>WPB600X300X128.8</LABEL>
               <A>16404.85714</A>
               <D>571</D>
               <BF>300</BF>
               <TW>12</TW>
               <TF>15.5</TF>
               <I33>918718628.7</I33>
               <Z33>3622797.682</Z33>
               <I22>69867939.88</I22>
               <Z22>724469.1828</Z22>
         </STEEL_I_SECTION>
         <STEEL_I_SECTION>
               <DESIGNATION>WPB</DESIGNATION>
               <EDI_STD>WPB600X300X177.8</EDI_STD>
               <LABEL>WPB600X300X177.8</LABEL>
               <A>22644.85714</A>
               <D>590</D>
               <BF>300</BF>
               <TW>13</TW>
               <TF>25</TF>
               <I33>1412080354</I33>
               <Z33>5350113.976</Z33>
               <I22>112643095.8</I22>
               <Z22>1155657.07</Z22>
         </STEEL_I_SECTION>
         <STEEL_I_SECTION>
               <DESIGNATION>WPB</DESIGNATION>
               <EDI_STD>WPB600X300X211.9</EDI_STD>
               <LABEL>WPB600X300X211.9</LABEL>
               <A>26994.85714</A>
               <D>600</D>
               <BF>300</BF>
               <TW>15.5</TW>
               <TF>30</TF>
               <I33>1710410354</I33>
               <Z33>6424859.394</Z33>
               <I22>135223301.2</I22>
               <Z22>1391058.037</Z22>
         </STEEL_I_SECTION>
         <STEEL_I_SECTION>
               <DESIGNATION>WPB</DESIGNATION>
               <EDI_STD>WPB600X300X285.5</EDI_STD>
               <LABEL>WPB600X300X285.5</LABEL>
               <A>36364.85714</A>
               <D>620</D>
               <BF>305</BF>
               <TW>21</TW>
               <TF>40</TF>
               <I33>2374474687</I33>
               <Z33>8771800.229</Z33>
               <I22>189655480.1</I22>
               <Z22>1930380.164</Z22>
         </STEEL_I_SECTION>
         <STEEL_I_SECTION>
               <DESIGNATION>WPB</DESIGNATION>
               <EDI_STD>WPB700X300X149.9</EDI_STD>
               <LABEL>WPB700X300X149.9</LABEL>
               <A>19092.85714</A>
               <D>670</D>
               <BF>300</BF>
               <TW>13</TW>
               <TF>17</TF>
               <I33>1427205176</I33>
               <Z33>4839826.45</Z33>
               <I22>76660671.77</I22>
               <Z22>799713.0696</Z22>
         </STEEL_I_SECTION>
         <STEEL_I_SECTION>
               <DESIGNATION>WPB</DESIGNATION>
               <EDI_STD>WPB700X300X204.5</EDI_STD>
               <LABEL>WPB700X300X204.5</LABEL>
               <A>26046.85714</A>
               <D>690</D>
               <BF>300</BF>
               <TW>14.5</TW>
               <TF>27</TF>
               <I33>2153012608</I33>
               <Z33>7031503.286</Z33>
               <I22>121712470.9</I22>
               <Z22>1256741.15</Z22>
         </STEEL_I_SECTION>
         <STEEL_I_SECTION>
               <DESIGNATION>WPB</DESIGNATION>
               <EDI_STD>WPB700X300X240.5</EDI_STD>
               <LABEL>WPB700X300X240.5</LABEL>
               <A>30636.85714</A>
               <D>700</D>
               <BF>300</BF>
               <TW>17</TW>
               <TF>32</TF>
               <I33>2568883328</I33>
               <Z33>8326808.704</Z33>
               <I22>144323952.2</I22>
               <Z22>1495044.617</Z22>
         </STEEL_I_SECTION>
         <STEEL_I_SECTION>
               <DESIGNATION>WPB</DESIGNATION>
               <EDI_STD>WPB700X300X300.7</EDI_STD>
               <LABEL>WPB700X300X300.7</LABEL>
               <A>38300.85714</A>
               <D>716</D>
               <BF>304</BF>
               <TW>21</TW>
               <TF>40</TF>
               <I33>3292779626</I33>
               <Z33>10538657.37</Z33>
               <I22>187875161.4</I22>
               <Z22>1928784.164</Z22>
         </STEEL_I_SECTION>
         <STEEL_I_SECTION>
               <DESIGNATION>WPB</DESIGNATION>
               <EDI_STD>WPB800X300X171.5</EDI_STD>
               <LABEL>WPB800X300X171.5</LABEL>
               <A>21847.42857</A>
               <D>770</D>
               <BF>300</BF>
               <TW>14</TW>
               <TF>18</TF>
               <I33>2088821026</I33>
               <Z33>6224362.223</Z33>
               <I22>81232451.59</I22>
               <Z22>856551.6171</Z22>
         </STEEL_I_SECTION>
         <STEEL_I_SECTION>
               <DESIGNATION>WPB</DESIGNATION>
               <EDI_STD>WPB800X300X224.4</EDI_STD>
               <LABEL>WPB800X300X224.4</LABEL>
               <A>28581.42857</A>
               <D>790</D>
               <BF>300</BF>
               <TW>15</TW>
               <TF>28</TF>
               <I33>3034424935</I33>
               <Z33>8699039.909</Z33>
               <I22>126276821.4</I22>
               <Z22>1312259.397</Z22>
         </STEEL_I_SECTION>
         <STEEL_I_SECTION>
               <DESIGNATION>WPB</DESIGNATION>
               <EDI_STD>WPB800X300X262.3</EDI_STD>
               <LABEL>WPB800X300X262.3</LABEL>
               <A>33416.42857</A>
               <D>800</D>
               <BF>300</BF>
               <TW>17.5</TW>
               <TF>33</TF>
               <I33>3590834707</I33>
               <Z33>10228256.75</Z33>
               <I22>148914323.1</I22>
               <Z22>1553134.472</Z22>
         </STEEL_I_SECTION>
         <STEEL_I_SECTION>
               <DESIGNATION>WPB</DESIGNATION>
               <EDI_STD>WPB800X300X317.3</EDI_STD>
               <LABEL>WPB800X300X317.3</LABEL>
               <A>40425.42857</A>
               <D>814</D>
               <BF>303</BF>
               <TW>21</TW>
               <TF>40</TF>
               <I33>4425978547</I33>
               <Z33>12487240.33</Z33>
               <I22>186133782.2</I22>
               <Z22>1930393.077</Z22>
         </STEEL_I_SECTION>
         <STEEL_I_SECTION>
               <DESIGNATION>WPB</DESIGNATION>
               <EDI_STD>WPB900X300X198</EDI_STD>
               <LABEL>WPB900X300X198</LABEL>
               <A>25221.42857</A>
               <D>870</D>
               <BF>300</BF>
               <TW>15</TW>
               <TF>20</TF>
               <I33>3011449408</I33>
               <Z33>7998317.531</Z33>
               <I22>90303821.41</I22>
               <Z22>957659.3971</Z22>
         </STEEL_I_SECTION>
         <STEEL_I_SECTION>
               <DESIGNATION>WPB</DESIGNATION>
               <EDI_STD>WPB900X300X251.6</EDI_STD>
               <LABEL>WPB900X300X251.6</LABEL>
               <A>32051.42857</A>
               <D>890</D>
               <BF>300</BF>
               <TW>16</TW>
               <TF>30</TF>
               <I33>4220748325</I33>
               <Z33>10810531.22</Z33>
               <I22>135359850.5</I22>
               <Z22>1414478.177</Z22>
         </STEEL_I_SECTION>
         <STEEL_I_SECTION>
               <DESIGNATION>WPB</DESIGNATION>
               <EDI_STD>WPB900X300X291.4</EDI_STD>
               <LABEL>WPB900X300X291.4</LABEL>
               <A>37126.42857</A>
               <D>900</D>
               <BF>300</BF>
               <TW>18.5</TW>
               <TF>35</TF>
               <I33>4940645617</I33>
               <Z33>12583588.06</Z33>
               <I22>158031571</I22>
               <Z22>1658340.752</Z22>
         </STEEL_I_SECTION>
         <STEEL_I_SECTION>
               <DESIGNATION>WPB</DESIGNATION>
               <EDI_STD>WPB900X300X333</EDI_STD>
               <LABEL>WPB900X300X333</LABEL>
               <A>42360</A>
               <D>910</D>
               <BF>302</BF>
               <TW>21</TW>
               <TF>40</TF>
               <I33>5990233742</I33>
               <Z33>15474594.9</Z33>
               <I22>185155258.4</I22>
               <Z22>1990954.757</Z22>
         </STEEL_I_SECTION>

</PROPERTY_FILE>