<?xml version="1.0" encoding="utf-8" ?>

<PROPERTY_FILE xmlns="http://www.csiamerica.com"
 xmlns:xsi="http://www.w3.org/2001/XMLSchema-instance"
 xsi:schemaLocation="http://www.csiamerica.com CSIExtendedSectionPropertyFile.xsd">

  <CONTROL>
      <FILE_ID>CSI Frame Properties</FILE_ID>
      <VERSION>1</VERSION>
      <DESCRIPTION>AA6061-T6</DESCRIPTION>
      <LENGTH_UNITS>in</LENGTH_UNITS>
  </CONTROL>

  <STEEL_CHANNEL>
      <LABEL>CS2X0.577</LABEL>
      <EDI_STD>CS2X0.577</EDI_STD>
      <DESIGNATION>C</DESIGNATION>
      <D>2</D>
      <BF>1</BF>
      <TF>0.13</TF>
      <TW>0.13</TW>
      <KDES>0.23</KDES>
      <A>0.49</A>
      <I33>0.288</I33>
      <Z33>0.288</Z33>
      <AS3>0.26</AS3>
      <I22>0.045</I22>
      <Z22>0.0639</Z22>
      <AS2>0.26</AS2>
      <J>2.749399E-03</J>
      <X>0.296</X>
      <S33POS>0.288</S33POS>
      <S33NEG>0.288</S33NEG>
      <S22POS>0.152027</S22POS>
      <S22NEG>6.392046E-02</S22NEG>
      <R33>0.7666519</R33>
      <R22>0.3030458</R22>
  </STEEL_CHANNEL>

  <STEEL_CHANNEL>
      <LABEL>CS2X1.07</LABEL>
      <EDI_STD>CS2X1.07</EDI_STD>
      <DESIGNATION>C</DESIGNATION>
      <D>2</D>
      <BF>1.25</BF>
      <TF>0.26</TF>
      <TW>0.17</TW>
      <KDES>0.41</KDES>
      <A>0.911</A>
      <I33>0.546</I33>
      <Z33>0.546</Z33>
      <AS3>0.65</AS3>
      <I22>0.139</I22>
      <Z22>0.178</Z22>
      <AS2>0.34</AS2>
      <J>1.582731E-02</J>
      <X>0.471</X>
      <S33POS>0.546</S33POS>
      <S33NEG>0.546</S33NEG>
      <S22POS>0.2951168</S22POS>
      <S22NEG>0.1784339</S22NEG>
      <R33>0.7741714</R33>
      <R22>0.3906144</R22>
  </STEEL_CHANNEL>

  <STEEL_CHANNEL>
      <LABEL>CS3X1.14</LABEL>
      <EDI_STD>CS3X1.14</EDI_STD>
      <DESIGNATION>C</DESIGNATION>
      <D>3</D>
      <BF>1.5</BF>
      <TF>0.2</TF>
      <TW>0.13</TW>
      <KDES>0.45</KDES>
      <A>0.965</A>
      <I33>1.41</I33>
      <Z33>0.94</Z33>
      <AS3>0.6</AS3>
      <I22>0.217</I22>
      <Z22>0.216</Z22>
      <AS2>0.39</AS2>
      <J>9.465022E-03</J>
      <X>0.494</X>
      <S33POS>0.94</S33POS>
      <S33NEG>0.94</S33NEG>
      <S22POS>0.4392712</S22POS>
      <S22NEG>0.2157058</S22NEG>
      <R33>1.208776</R33>
      <R22>0.4742051</R22>
  </STEEL_CHANNEL>

  <STEEL_CHANNEL>
      <LABEL>CS3X1.60</LABEL>
      <EDI_STD>CS3X1.60</EDI_STD>
      <DESIGNATION>C</DESIGNATION>
      <D>3</D>
      <BF>1.75</BF>
      <TF>0.26</TF>
      <TW>0.17</TW>
      <KDES>0.51</KDES>
      <A>1.36</A>
      <I33>1.97</I33>
      <Z33>1.31</Z33>
      <AS3>0.91</AS3>
      <I22>0.417</I22>
      <Z22>0.368</Z22>
      <AS2>0.51</AS2>
      <J>2.332364E-02</J>
      <X>0.617</X>
      <S33POS>1.313333</S33POS>
      <S33NEG>1.313333</S33NEG>
      <S22POS>0.6758509</S22POS>
      <S22NEG>0.3680494</S22NEG>
      <R33>1.203549</R33>
      <R22>0.5537307</R22>
  </STEEL_CHANNEL>

  <STEEL_CHANNEL>
      <LABEL>CS4X1.74</LABEL>
      <EDI_STD>CS4X1.74</EDI_STD>
      <DESIGNATION>C</DESIGNATION>
      <D>4</D>
      <BF>2</BF>
      <TF>0.23</TF>
      <TW>0.15</TW>
      <KDES>0.48</KDES>
      <A>1.48</A>
      <I33>3.91</I33>
      <Z33>1.95</Z33>
      <AS3>0.92</AS3>
      <I22>0.601</I22>
      <Z22>0.446</Z22>
      <AS2>0.6</AS2>
      <J>1.944102E-02</J>
      <X>0.653</X>
      <S33POS>1.955</S33POS>
      <S33NEG>1.955</S33NEG>
      <S22POS>0.9203675</S22POS>
      <S22NEG>0.4461767</S22NEG>
      <R33>1.62539</R33>
      <R22>0.6372449</R22>
  </STEEL_CHANNEL>

  <STEEL_CHANNEL>
      <LABEL>CS4X2.33</LABEL>
      <EDI_STD>CS4X2.33</EDI_STD>
      <DESIGNATION>C</DESIGNATION>
      <D>4</D>
      <BF>2.25</BF>
      <TF>0.29</TF>
      <TW>0.19</TW>
      <KDES>0.54</KDES>
      <A>1.98</A>
      <I33>5.21</I33>
      <Z33>2.6</Z33>
      <AS3>1.305</AS3>
      <I22>1.02</I22>
      <Z22>0.692</Z22>
      <AS2>0.76</AS2>
      <J>4.248458E-02</J>
      <X>0.775</X>
      <S33POS>2.605</S33POS>
      <S33NEG>2.605</S33NEG>
      <S22POS>1.316129</S22POS>
      <S22NEG>0.6915254</S22NEG>
      <R33>1.622132</R33>
      <R22>0.7177405</R22>
  </STEEL_CHANNEL>

  <STEEL_CHANNEL>
      <LABEL>CS5X2.21</LABEL>
      <EDI_STD>CS5X2.21</EDI_STD>
      <DESIGNATION>C</DESIGNATION>
      <D>5</D>
      <BF>2.25</BF>
      <TF>0.26</TF>
      <TW>0.15</TW>
      <KDES>0.56</KDES>
      <A>1.88</A>
      <I33>7.88</I33>
      <Z33>3.15</Z33>
      <AS3>1.17</AS3>
      <I22>0.975</I22>
      <Z22>0.642</Z22>
      <AS2>0.75</AS2>
      <J>2.996339E-02</J>
      <X>0.731</X>
      <S33POS>3.152</S33POS>
      <S33NEG>3.152</S33NEG>
      <S22POS>1.333789</S22POS>
      <S22NEG>0.6418697</S22NEG>
      <R33>2.047313</R33>
      <R22>0.7201507</R22>
  </STEEL_CHANNEL>

  <STEEL_CHANNEL>
      <LABEL>CS5X3.09</LABEL>
      <EDI_STD>CS5X3.09</EDI_STD>
      <DESIGNATION>C</DESIGNATION>
      <D>5</D>
      <BF>2.75</BF>
      <TF>0.32</TF>
      <TW>0.19</TW>
      <KDES>0.62</KDES>
      <A>2.63</A>
      <I33>11.1</I33>
      <Z33>4.45</Z33>
      <AS3>1.76</AS3>
      <I22>2.05</I22>
      <Z22>1.14</Z22>
      <AS2>0.95</AS2>
      <J>6.682864E-02</J>
      <X>0.955</X>
      <S33POS>4.44</S33POS>
      <S33NEG>4.44</S33NEG>
      <S22POS>2.146597</S22POS>
      <S22NEG>1.142061</S22NEG>
      <R33>2.054393</R33>
      <R22>0.8828747</R22>
  </STEEL_CHANNEL>

  <STEEL_CHANNEL>
      <LABEL>CS6X2.83</LABEL>
      <EDI_STD>CS6X2.83</EDI_STD>
      <DESIGNATION>C</DESIGNATION>
      <D>6</D>
      <BF>2.5</BF>
      <TF>0.29</TF>
      <TW>0.17</TW>
      <KDES>0.59</KDES>
      <A>2.41</A>
      <I33>14.4</I33>
      <Z33>4.78</Z33>
      <AS3>1.45</AS3>
      <I22>1.53</I22>
      <Z22>0.896</Z22>
      <AS2>1.02</AS2>
      <J>4.732836E-02</J>
      <X>0.788</X>
      <S33POS>4.8</S33POS>
      <S33NEG>4.8</S33NEG>
      <S22POS>1.941624</S22POS>
      <S22NEG>0.8936915</S22NEG>
      <R33>2.444402</R33>
      <R22>0.7967777</R22>
  </STEEL_CHANNEL>

  <STEEL_CHANNEL>
      <LABEL>CS6X4.03</LABEL>
      <EDI_STD>CS6X4.03</EDI_STD>
      <DESIGNATION>C</DESIGNATION>
      <D>6</D>
      <BF>3.25</BF>
      <TF>0.35</TF>
      <TW>0.21</TW>
      <KDES>0.65</KDES>
      <A>3.43</A>
      <I33>21</I33>
      <Z33>7.01</Z33>
      <AS3>2.275</AS3>
      <I22>3.76</I22>
      <Z22>1.76</Z22>
      <AS2>1.26</AS2>
      <J>0.1047068</J>
      <X>1.12</X>
      <S33POS>7</S33POS>
      <S33NEG>7</S33NEG>
      <S22POS>3.357143</S22POS>
      <S22NEG>1.765258</S22NEG>
      <R33>2.474358</R33>
      <R22>1.047</R22>
  </STEEL_CHANNEL>

  <STEEL_CHANNEL>
      <LABEL>CS7X3.21</LABEL>
      <EDI_STD>CS7X3.21</EDI_STD>
      <DESIGNATION>C</DESIGNATION>
      <D>7</D>
      <BF>2.75</BF>
      <TF>0.29</TF>
      <TW>0.17</TW>
      <KDES>0.59</KDES>
      <A>2.73</A>
      <I33>22.1</I33>
      <Z33>6.31</Z33>
      <AS3>1.595</AS3>
      <I22>2.1</I22>
      <Z22>1.1</Z22>
      <AS2>1.19</AS2>
      <J>5.303086E-02</J>
      <X>0.842</X>
      <S33POS>6.314286</S33POS>
      <S33NEG>6.314286</S33NEG>
      <S22POS>2.494062</S22POS>
      <S22NEG>1.100629</S22NEG>
      <R33>2.845213</R33>
      <R22>0.877058</R22>
  </STEEL_CHANNEL>

  <STEEL_CHANNEL>
      <LABEL>CS7X4.72</LABEL>
      <EDI_STD>CS7X4.72</EDI_STD>
      <DESIGNATION>C</DESIGNATION>
      <D>7</D>
      <BF>3.5</BF>
      <TF>0.38</TF>
      <TW>0.21</TW>
      <KDES>0.68</KDES>
      <A>4.01</A>
      <I33>33.8</I33>
      <Z33>9.65</Z33>
      <AS3>2.66</AS3>
      <I22>5.13</I22>
      <Z22>2.23</Z22>
      <AS2>1.47</AS2>
      <J>0.1404777</J>
      <X>1.2</X>
      <S33POS>9.657143</S33POS>
      <S33NEG>9.657143</S33NEG>
      <S22POS>4.275</S22POS>
      <S22NEG>2.230435</S22NEG>
      <R33>2.903261</R33>
      <R22>1.131062</R22>
  </STEEL_CHANNEL>

  <STEEL_CHANNEL>
      <LABEL>CS8X4.15</LABEL>
      <EDI_STD>CS8X4.15</EDI_STD>
      <DESIGNATION>C</DESIGNATION>
      <D>8</D>
      <BF>3</BF>
      <TF>0.35</TF>
      <TW>0.19</TW>
      <KDES>0.65</KDES>
      <A>3.53</A>
      <I33>37.4</I33>
      <Z33>9.35</Z33>
      <AS3>2.1</AS3>
      <I22>3.25</I22>
      <Z22>1.57</Z22>
      <AS2>1.52</AS2>
      <J>9.746437E-02</J>
      <X>0.934</X>
      <S33POS>9.35</S33POS>
      <S33NEG>9.35</S33NEG>
      <S22POS>3.479657</S22POS>
      <S22NEG>1.573088</S22NEG>
      <R33>3.254981</R33>
      <R22>0.9595206</R22>
  </STEEL_CHANNEL>

  <STEEL_CHANNEL>
      <LABEL>CS8X5.79</LABEL>
      <EDI_STD>CS8X5.79</EDI_STD>
      <DESIGNATION>C</DESIGNATION>
      <D>8</D>
      <BF>3.75</BF>
      <TF>0.41</TF>
      <TW>0.25</TW>
      <KDES>0.76</KDES>
      <A>4.92</A>
      <I33>52.7</I33>
      <Z33>13.17</Z33>
      <AS3>3.075</AS3>
      <I22>7.12</I22>
      <Z22>2.82</Z22>
      <AS2>2</AS2>
      <J>0.2012807</J>
      <X>1.22</X>
      <S33POS>13.175</S33POS>
      <S33NEG>13.175</S33NEG>
      <S22POS>5.836065</S22POS>
      <S22NEG>2.814229</S22NEG>
      <R33>3.272825</R33>
      <R22>1.202977</R22>
  </STEEL_CHANNEL>

  <STEEL_CHANNEL>
      <LABEL>CS9X4.98</LABEL>
      <EDI_STD>CS9X4.98</EDI_STD>
      <DESIGNATION>C</DESIGNATION>
      <D>9</D>
      <BF>3.25</BF>
      <TF>0.35</TF>
      <TW>0.23</TW>
      <KDES>0.7</KDES>
      <A>4.24</A>
      <I33>54.4</I33>
      <Z33>12.09</Z33>
      <AS3>2.275</AS3>
      <I22>4.4</I22>
      <Z22>1.89</Z22>
      <AS2>2.07</AS2>
      <J>0.1225065</J>
      <X>0.928</X>
      <S33POS>12.08889</S33POS>
      <S33NEG>12.08889</S33NEG>
      <S22POS>4.74138</S22POS>
      <S22NEG>1.894918</S22NEG>
      <R33>3.581925</R33>
      <R22>1.018693</R22>
  </STEEL_CHANNEL>

  <STEEL_CHANNEL>
      <LABEL>CS9X6.97</LABEL>
      <EDI_STD>CS9X6.97</EDI_STD>
      <DESIGNATION>C</DESIGNATION>
      <D>9</D>
      <BF>4</BF>
      <TF>0.44</TF>
      <TW>0.29</TW>
      <KDES>0.79</KDES>
      <A>5.93</A>
      <I33>78.3</I33>
      <Z33>17.4</Z33>
      <AS3>3.52</AS3>
      <I22>9.6</I22>
      <Z22>3.49</Z22>
      <AS2>2.61</AS2>
      <J>0.283097</J>
      <X>1.25</X>
      <S33POS>17.4</S33POS>
      <S33NEG>17.4</S33NEG>
      <S22POS>7.68</S22POS>
      <S22NEG>3.490909</S22NEG>
      <R33>3.633738</R33>
      <R22>1.272355</R22>
  </STEEL_CHANNEL>

  <STEEL_CHANNEL>
      <LABEL>CS10X6.14</LABEL>
      <EDI_STD>CS10X6.14</EDI_STD>
      <DESIGNATION>C</DESIGNATION>
      <D>10</D>
      <BF>3.5</BF>
      <TF>0.41</TF>
      <TW>0.25</TW>
      <KDES>0.76</KDES>
      <A>5.22</A>
      <I33>83.2</I33>
      <Z33>16.64</Z33>
      <AS3>2.87</AS3>
      <I22>6.33</I22>
      <Z22>2.55</Z22>
      <AS2>2.5</AS2>
      <J>0.2002105</J>
      <X>1.02</X>
      <S33POS>16.64</S33POS>
      <S33NEG>16.64</S33NEG>
      <S22POS>6.205883</S22POS>
      <S22NEG>2.552419</S22NEG>
      <R33>3.99233</R33>
      <R22>1.101201</R22>
  </STEEL_CHANNEL>

  <STEEL_CHANNEL>
      <LABEL>CS10X8.36</LABEL>
      <EDI_STD>CS10X8.36</EDI_STD>
      <DESIGNATION>C</DESIGNATION>
      <D>10</D>
      <BF>4.25</BF>
      <TF>0.5</TF>
      <TW>0.31</TW>
      <KDES>0.9</KDES>
      <A>7.11</A>
      <I33>116</I33>
      <Z33>23.2</Z33>
      <AS3>4.25</AS3>
      <I22>13</I22>
      <Z22>4.46</Z22>
      <AS2>3.1</AS2>
      <J>0.4252806</J>
      <X>1.34</X>
      <S33POS>23.2</S33POS>
      <S33NEG>23.2</S33NEG>
      <S22POS>9.701492</S22POS>
      <S22NEG>4.467354</S22NEG>
      <R33>4.039189</R33>
      <R22>1.352187</R22>
  </STEEL_CHANNEL>

  <STEEL_CHANNEL>
      <LABEL>CS12X8.27</LABEL>
      <EDI_STD>CS12X8.27</EDI_STD>
      <DESIGNATION>C</DESIGNATION>
      <D>12</D>
      <BF>4</BF>
      <TF>0.47</TF>
      <TW>0.29</TW>
      <KDES>0.87</KDES>
      <A>7.04</A>
      <I33>160</I33>
      <Z33>26.6</Z33>
      <AS3>3.76</AS3>
      <I22>11</I22>
      <Z22>3.85</Z22>
      <AS2>3.48</AS2>
      <J>0.3524374</J>
      <X>1.14</X>
      <S33POS>26.66667</S33POS>
      <S33NEG>26.66667</S33NEG>
      <S22POS>9.649123</S22POS>
      <S22NEG>3.846154</S22NEG>
      <R33>4.767313</R33>
      <R22>1.25</R22>
  </STEEL_CHANNEL>

  <STEEL_CHANNEL>
      <LABEL>CS12X11.8</LABEL>
      <EDI_STD>CS12X11.8</EDI_STD>
      <DESIGNATION>C</DESIGNATION>
      <D>12</D>
      <BF>5</BF>
      <TF>0.62</TF>
      <TW>0.35</TW>
      <KDES>1.07</KDES>
      <A>10.1</A>
      <I33>240</I33>
      <Z33>39.9</Z33>
      <AS3>6.2</AS3>
      <I22>25.7</I22>
      <Z22>7.59</Z22>
      <AS2>4.2</AS2>
      <J>0.9007148</J>
      <X>1.61</X>
      <S33POS>40</S33POS>
      <S33NEG>40</S33NEG>
      <S22POS>15.96273</S22POS>
      <S22NEG>7.581121</S22NEG>
      <R33>4.874667</R33>
      <R22>1.595166</R22>
  </STEEL_CHANNEL>

  <STEEL_I_SECTION>
      <LABEL>I3X1.64</LABEL>
      <EDI_STD>I3X1.64</EDI_STD>
      <DESIGNATION>W</DESIGNATION>
      <D>3</D>
      <BF>2.5</BF>
      <TF>0.2</TF>
      <TW>0.13</TW>
      <KDES>0.45</KDES>
      <A>1.39</A>
      <I33>2.24</I33>
      <Z33>1.49</Z33>
      <AS3>0.8333333</AS3>
      <I22>0.522</I22>
      <Z22>0.418</Z22>
      <AS2>0.39</AS2>
      <J>1.479836E-02</J>
      <S33POS>1.493333</S33POS>
      <S33NEG>1.493333</S33NEG>
      <S22POS>0.4176</S22POS>
      <S22NEG>0.4176</S22NEG>
      <R33>1.269453</R33>
      <R22>0.6128128</R22>
  </STEEL_I_SECTION>

  <STEEL_I_SECTION>
      <LABEL>I3X2.03</LABEL>
      <EDI_STD>I3X2.03</EDI_STD>
      <DESIGNATION>W</DESIGNATION>
      <D>3</D>
      <BF>2.5</BF>
      <TF>0.26</TF>
      <TW>0.15</TW>
      <KDES>0.51</KDES>
      <A>1.73</A>
      <I33>2.71</I33>
      <Z33>1.81</Z33>
      <AS3>1.083333</AS3>
      <I22>0.679</I22>
      <Z22>0.543</Z22>
      <AS2>0.45</AS2>
      <J>3.064272E-02</J>
      <S33POS>1.806667</S33POS>
      <S33NEG>1.806667</S33NEG>
      <S22POS>0.5432</S22POS>
      <S22NEG>0.5432</S22NEG>
      <R33>1.251589</R33>
      <R22>0.6264867</R22>
  </STEEL_I_SECTION>

  <STEEL_I_SECTION>
      <LABEL>I4X2.31</LABEL>
      <EDI_STD>I4X2.31</EDI_STD>
      <DESIGNATION>W</DESIGNATION>
      <D>4</D>
      <BF>3</BF>
      <TF>0.23</TF>
      <TW>0.15</TW>
      <KDES>0.48</KDES>
      <A>1.97</A>
      <I33>5.62</I33>
      <Z33>2.81</Z33>
      <AS3>1.15</AS3>
      <I22>1.04</I22>
      <Z22>0.691</Z22>
      <AS2>0.6</AS2>
      <J>2.755236E-02</J>
      <S33POS>2.81</S33POS>
      <S33NEG>2.81</S33NEG>
      <S22POS>0.6933333</S22POS>
      <S22NEG>0.6933333</S22NEG>
      <R33>1.689021</R33>
      <R22>0.7265802</R22>
  </STEEL_I_SECTION>

  <STEEL_I_SECTION>
      <LABEL>I4X2.79</LABEL>
      <EDI_STD>I4X2.79</EDI_STD>
      <DESIGNATION>W</DESIGNATION>
      <D>4</D>
      <BF>3</BF>
      <TF>0.29</TF>
      <TW>0.17</TW>
      <KDES>0.54</KDES>
      <A>2.38</A>
      <I33>6.71</I33>
      <Z33>3.36</Z33>
      <AS3>1.45</AS3>
      <I22>1.31</I22>
      <Z22>0.872</Z22>
      <AS2>0.68</AS2>
      <J>5.218269E-02</J>
      <S33POS>3.355</S33POS>
      <S33NEG>3.355</S33NEG>
      <S22POS>0.8733333</S22POS>
      <S22NEG>0.8733333</S22NEG>
      <R33>1.679085</R33>
      <R22>0.7419031</R22>
  </STEEL_I_SECTION>

  <STEEL_I_SECTION>
      <LABEL>I5X3.70</LABEL>
      <EDI_STD>I5X3.70</EDI_STD>
      <DESIGNATION>W</DESIGNATION>
      <D>5</D>
      <BF>3.5</BF>
      <TF>0.32</TF>
      <TW>0.19</TW>
      <KDES>0.62</KDES>
      <A>3.15</A>
      <I33>13.9</I33>
      <Z33>5.58</Z33>
      <AS3>1.866667</AS3>
      <I22>2.29</I22>
      <Z22>1.31</Z22>
      <AS2>0.95</AS2>
      <J>8.321264E-02</J>
      <S33POS>5.56</S33POS>
      <S33NEG>5.56</S33NEG>
      <S22POS>1.308571</S22POS>
      <S22NEG>1.308571</S22NEG>
      <R33>2.100642</R33>
      <R22>0.8526336</R22>
  </STEEL_I_SECTION>

  <STEEL_I_SECTION>
      <LABEL>I6X4.03</LABEL>
      <EDI_STD>I6X4.03</EDI_STD>
      <DESIGNATION>W</DESIGNATION>
      <D>6</D>
      <BF>4</BF>
      <TF>0.29</TF>
      <TW>0.19</TW>
      <KDES>0.59</KDES>
      <A>3.43</A>
      <I33>22</I33>
      <Z33>7.33</Z33>
      <AS3>1.933333</AS3>
      <I22>3.1</I22>
      <Z22>1.55</Z22>
      <AS2>1.14</AS2>
      <J>7.551108E-02</J>
      <S33POS>7.333333</S33POS>
      <S33NEG>7.333333</S33NEG>
      <S22POS>1.55</S22POS>
      <S22NEG>1.55</S22NEG>
      <R33>2.532586</R33>
      <R22>0.9506787</R22>
  </STEEL_I_SECTION>

  <STEEL_I_SECTION>
      <LABEL>I6X4.69</LABEL>
      <EDI_STD>I6X4.69</EDI_STD>
      <DESIGNATION>W</DESIGNATION>
      <D>6</D>
      <BF>4</BF>
      <TF>0.35</TF>
      <TW>0.21</TW>
      <KDES>0.65</KDES>
      <A>3.99</A>
      <I33>25.5</I33>
      <Z33>8.5</Z33>
      <AS3>2.333333</AS3>
      <I22>3.74</I22>
      <Z22>1.87</Z22>
      <AS2>1.26</AS2>
      <J>0.1261443</J>
      <S33POS>8.5</S33POS>
      <S33NEG>8.5</S33NEG>
      <S22POS>1.87</S22POS>
      <S22NEG>1.87</S22NEG>
      <R33>2.528038</R33>
      <R22>0.9681649</R22>
  </STEEL_I_SECTION>

  <STEEL_I_SECTION>
      <LABEL>I7X5.80</LABEL>
      <EDI_STD>I7X5.80</EDI_STD>
      <DESIGNATION>W</DESIGNATION>
      <D>7</D>
      <BF>4.5</BF>
      <TF>0.38</TF>
      <TW>0.23</TW>
      <KDES>0.68</KDES>
      <A>4.93</A>
      <I33>42.9</I33>
      <Z33>12.3</Z33>
      <AS3>2.85</AS3>
      <I22>5.78</I22>
      <Z22>2.57</Z22>
      <AS2>1.61</AS2>
      <J>0.1836604</J>
      <S33POS>12.25714</S33POS>
      <S33NEG>12.25714</S33NEG>
      <S22POS>2.568889</S22POS>
      <S22NEG>2.568889</S22NEG>
      <R33>2.949886</R33>
      <R22>1.082781</R22>
  </STEEL_I_SECTION>

  <STEEL_I_SECTION>
      <LABEL>I8X6.18</LABEL>
      <EDI_STD>I8X6.18</EDI_STD>
      <DESIGNATION>W</DESIGNATION>
      <D>8</D>
      <BF>5</BF>
      <TF>0.35</TF>
      <TW>0.23</TW>
      <KDES>0.65</KDES>
      <A>5.26</A>
      <I33>59.7</I33>
      <Z33>14.9</Z33>
      <AS3>2.916667</AS3>
      <I22>7.3</I22>
      <Z22>2.92</Z22>
      <AS2>1.84</AS2>
      <J>0.1684717</J>
      <S33POS>14.925</S33POS>
      <S33NEG>14.925</S33NEG>
      <S22POS>2.92</S22POS>
      <S22NEG>2.92</S22NEG>
      <R33>3.368948</R33>
      <R22>1.178063</R22>
  </STEEL_I_SECTION>

  <STEEL_I_SECTION>
      <LABEL>I8X7.02</LABEL>
      <EDI_STD>I8X7.02</EDI_STD>
      <DESIGNATION>W</DESIGNATION>
      <D>8</D>
      <BF>5</BF>
      <TF>0.41</TF>
      <TW>0.25</TW>
      <KDES>0.71</KDES>
      <A>5.97</A>
      <I33>67.8</I33>
      <Z33>16.9</Z33>
      <AS3>3.416667</AS3>
      <I22>8.55</I22>
      <Z22>3.42</Z22>
      <AS2>2</AS2>
      <J>0.2587148</J>
      <S33POS>16.95</S33POS>
      <S33NEG>16.95</S33NEG>
      <S22POS>3.42</S22POS>
      <S22NEG>3.42</S22NEG>
      <R33>3.369983</R33>
      <R22>1.196729</R22>
  </STEEL_I_SECTION>

  <STEEL_I_SECTION>
      <LABEL>I9X8.36</LABEL>
      <EDI_STD>I9X8.36</EDI_STD>
      <DESIGNATION>W</DESIGNATION>
      <D>9</D>
      <BF>5.5</BF>
      <TF>0.44</TF>
      <TW>0.27</TW>
      <KDES>0.74</KDES>
      <A>7.11</A>
      <I33>102</I33>
      <Z33>22.7</Z33>
      <AS3>4.033333</AS3>
      <I22>12.2</I22>
      <Z22>4.44</Z22>
      <AS2>2.43</AS2>
      <J>0.3545323</J>
      <S33POS>22.66667</S33POS>
      <S33NEG>22.66667</S33NEG>
      <S22POS>4.436364</S22POS>
      <S22NEG>4.436364</S22NEG>
      <R33>3.78761</R33>
      <R22>1.309921</R22>
  </STEEL_I_SECTION>

  <STEEL_I_SECTION>
      <LABEL>I10X8.65</LABEL>
      <EDI_STD>I10X8.65</EDI_STD>
      <DESIGNATION>W</DESIGNATION>
      <D>10</D>
      <BF>6</BF>
      <TF>0.41</TF>
      <TW>0.25</TW>
      <KDES>0.81</KDES>
      <A>7.35</A>
      <I33>132</I33>
      <Z33>26.4</Z33>
      <AS3>4.1</AS3>
      <I22>14.8</I22>
      <Z22>4.93</Z22>
      <AS2>2.5</AS2>
      <J>0.3150788</J>
      <S33POS>26.4</S33POS>
      <S33NEG>26.4</S33NEG>
      <S22POS>4.933333</S22POS>
      <S22NEG>4.933333</S22NEG>
      <R33>4.237828</R33>
      <R22>1.419016</R22>
  </STEEL_I_SECTION>

  <STEEL_I_SECTION>
      <LABEL>I10X10.3</LABEL>
      <EDI_STD>I10X10.3</EDI_STD>
      <DESIGNATION>W</DESIGNATION>
      <D>10</D>
      <BF>6</BF>
      <TF>0.5</TF>
      <TW>0.29</TW>
      <KDES>0.9</KDES>
      <A>8.75</A>
      <I33>156</I33>
      <Z33>31.2</Z33>
      <AS3>5</AS3>
      <I22>18</I22>
      <Z22>6.01</Z22>
      <AS2>2.9</AS2>
      <J>0.5535614</J>
      <S33POS>31.2</S33POS>
      <S33NEG>31.2</S33NEG>
      <S22POS>6</S22POS>
      <S22NEG>6</S22NEG>
      <R33>4.222389</R33>
      <R22>1.434274</R22>
  </STEEL_I_SECTION>

  <STEEL_I_SECTION>
      <LABEL>I12X11.7</LABEL>
      <EDI_STD>I12X11.7</EDI_STD>
      <DESIGNATION>W</DESIGNATION>
      <D>12</D>
      <BF>7</BF>
      <TF>0.47</TF>
      <TW>0.29</TW>
      <KDES>0.87</KDES>
      <A>9.93</A>
      <I33>256</I33>
      <Z33>42.6</Z33>
      <AS3>5.483333</AS3>
      <I22>26.9</I22>
      <Z22>7.69</Z22>
      <AS2>3.48</AS2>
      <J>0.5600834</J>
      <S33POS>42.66667</S33POS>
      <S33NEG>42.66667</S33NEG>
      <S22POS>7.685714</S22POS>
      <S22NEG>7.685714</S22NEG>
      <R33>5.077446</R33>
      <R22>1.645893</R22>
  </STEEL_I_SECTION>

  <STEEL_I_SECTION>
      <LABEL>I12X14.3</LABEL>
      <EDI_STD>I12X14.3</EDI_STD>
      <DESIGNATION>W</DESIGNATION>
      <D>12</D>
      <BF>7</BF>
      <TF>0.62</TF>
      <TW>0.31</TW>
      <KDES>1.02</KDES>
      <A>12.1</A>
      <I33>317</I33>
      <Z33>52.9</Z33>
      <AS3>7.233333</AS3>
      <I22>35.5</I22>
      <Z22>10.1</Z22>
      <AS2>3.72</AS2>
      <J>1.167361</J>
      <S33POS>52.83333</S33POS>
      <S33NEG>52.83333</S33NEG>
      <S22POS>10.14286</S22POS>
      <S22NEG>10.14286</S22NEG>
      <R33>5.118432</R33>
      <R22>1.712858</R22>
  </STEEL_I_SECTION>

</PROPERTY_FILE>
